individual_id.x,label,Home.Time,TD.Unknown,TD.Stationary,TD.Active,TD.Auto,Time.Unknown,Time.Stationary,Time.Active,Time.Auto,TR.Unknown,TR.Stationary,TR.Active,TR.Auto
10170hh1,Week_B,2.575079365,3.661200482,0.531417067,4.556747534,18.28520118,0.580555556,1.421666667,0.931507937,0.757638889,0.484659681,0.577576424,1.221970646,3.025366739
10170hh1,Week_V,4.389285714,3.592613137,0.358027453,8.883277606,10.66688548,1.083373016,0.934305556,1.790833333,0.766111111,0.658698459,0.737259939,0.686131737,2.677511791
10170hh1,Week_1,3.873809524,2.369122621,0.35554481,5.315494133,15.69951177,0.506230159,0.964722222,1.022539683,0.82375,0.281112726,0.406451044,1.139022866,1.81029803
10317hh1,Week_B,7.998214286,0.532378683,0.094112877,1.25466323,11.36286178,0.406888889,1.148333333,0.50462963,0.355138889,0.287876425,0.176183038,0.974451332,1.531582083
10317hh1,Week_V,8.01781746,0.696646406,,0.978317015,15.27883484,0.580714286,,0.439325397,0.595198413,0.227221478,0.275284369,1.080125171,1.24985362
10317hh1,Week_1,7.675555556,0.813348299,0.103511791,0.972097512,22.31370062,0.488373016,1.285555556,0.494325397,0.756825397,0.593003851,0.551138514,2.494029105,2.494013302
10760hh1,Week_B,9.669166667,1.116796558,,4.69987131,0.78974196,0.393240741,,0.928518519,0.032777778,0.060077793,0.033834648,0.306816892,0.302422737
10760hh1,Week_V,9.811825397,1.271333782,0.340689326,1.654537951,,1.061111111,2.783611111,0.360222222,,0.061356148,0.062354083,0.14310938,
10760hh1,Week_1,8.551349206,2.691136192,0.312568838,2.597452862,,1.400833333,2.447777778,0.557111111,,0.076695702,0.060843961,0.267847049,
11043hh1,Week_B,1.485793651,4.638232989,0.163155058,5.632205943,48.86052824,0.979907407,0.67375,2.731296296,1.087777778,5.171923105,2.786817031,4.74670154,5.931583031
11043hh1,Week_V,1.724047619,2.630023846,0.075534322,3.466883353,32.94831535,0.756277778,0.734444444,1.992579365,0.74787037,3.054997531,3.093020714,3.762205528,4.599394959
11043hh1,Week_1,1.595992063,3.592677521,0.188974823,3.046070397,26.91603254,0.961825397,1.111851852,2.202857143,0.632579365,4.850947871,4.97670645,5.323489778,4.453394522
11338hh1,Week_B,0.306833333,3.414101742,0.571927609,8.359916607,1.664342894,4.804212963,5.452666667,1.273888889,0.080833333,0.126602931,0.053849348,0.957850565,3.370730603
11338hh1,Week_V,0.27162037,3.586041203,0.545388324,2.781782419,,4.984642857,4.812420635,0.574166667,,0.068969691,0.054052239,0.371807548,
11338hh1,Week_1,0.33484127,3.977925908,0.580391792,2.319120759,1.209918518,5.561230159,5.007619048,0.54452381,0.060277778,0.066577533,0.053882767,0.324399421,3.128280848
11446hh1,Week_B,1.005777778,0.209778225,,4.554441654,,0.116041667,,0.948611111,,0.540614759,0.173344009,0.658396293,
11446hh1,Week_V,2.979563492,0.607626276,,3.518106688,,0.183444444,,0.712277778,,0.697240841,0.121283982,0.696307843,0.008302889
11446hh1,Week_1,0.479305556,0.771107482,,3.622948188,,0.200555556,,0.744583333,,0.675170429,0.076749833,0.721568204,
1156hh1,Week_B,2.908373016,4.987094393,,2.710880242,6.493480369,0.363240741,,0.50962963,0.177222222,0.264753176,,2.324277585,0.109503893
1156hh1,Week_V,3.14781746,6.525311112,,5.576553195,16.56784283,0.714027778,,1.008819444,0.439375,1.494526511,,5.934030839,0.74678297
1156hh1,Week_1,2.124027778,3.434774995,,4.566289931,12.22528761,0.583819444,,0.927592593,0.426736111,1.394692896,,5.99401373,0.85406875
11745hh1,Week_B,7.31015873,1.654156645,0.380079501,0.469731742,11.84347242,0.737708333,1.809027778,0.215277778,0.276666667,0.785615842,1.159911478,1.252024606,2.148119979
11745hh1,Week_V,7.074206349,2.398196376,0.635019213,0.652976547,8.42355679,1.157111111,2.366805556,0.246,0.207277778,0.629556258,0.492630631,0.958645939,1.382473369
11745hh1,Week_1,7.167777778,2.044090238,0.733684873,0.553656239,9.429109809,0.651611111,2.033333333,0.136444444,0.267888889,0.565301752,0.577898876,0.890321783,1.204567006
11775hh1,Week_B,6.570740741,8.438914921,1.473929016,2.857113183,34.38303745,3.340444444,3.212685185,0.782333333,0.485972222,19.87973895,17.35762483,14.37919016,13.65211476
11775hh1,Week_V,7.358935185,11.02763437,1.704902789,2.307465973,42.54070671,4.839930556,2.92287037,0.694583333,0.570092593,20.09215983,18.18123745,14.74962005,16.66122396
11775hh1,Week_1,9.71515873,0.767934329,0.13626459,3.247272125,5.329082728,0.312277778,2.202777778,0.875,0.220555556,0.09477369,0.08154144,0.92752272,1.574620767
11800hh1,Week_B,0.661666667,1.942405857,1.287387147,0.683826683,21.13521301,1.296666667,2.429277778,0.37202381,0.774365079,2.146665843,2.094206236,1.903866646,1.951644898
11800hh1,Week_V,0.363722222,2.20356116,0.310040741,0.804780381,28.99158532,1.870079365,2.36781746,0.467936508,1.222916667,2.236799138,2.27396937,2.181059544,2.781237929
11800hh1,Week_1,0.979583333,2.628764311,0.332696274,0.994564403,40.1317213,2.297142857,2.549246032,0.548452381,1.24837963,2.771561099,2.208016038,3.69710049,3.469082808
11800hh2,Week_B,0.441296296,1.176744423,0.133512254,0.703396985,39.20763199,0.640648148,1.233611111,0.3925,1.313055556,4.854925818,2.469186395,6.489801447,3.412347648
11800hh2,Week_V,0.485166667,1.522527764,,1.129160096,15.23710642,1.03962963,,0.498518519,0.629166667,1.550704397,,1.483623249,1.654627871
11800hh2,Week_1,2.206468254,2.430290655,0.235144072,1.028491528,25.1314213,0.500277778,2.860833333,0.586875,0.939888889,0.546810348,0.914278154,0.560693279,1.637313603
11855hh1,Week_B,1.220833333,2.699456644,,6.495078445,1.747263575,0.605777778,,1.076150794,0.336111111,0.925188968,0.108524741,1.117341177,0.574948437
11855hh1,Week_V,0.842460317,1.566660695,,6.764096387,7.606905689,0.46452381,,1.206904762,0.874513889,1.553509179,0.007796798,1.829401982,1.286419901
11855hh1,Week_1,0.649444444,1.099216372,,5.575919103,0.371352894,0.280357143,,0.958968254,0.515694444,0.654078187,0.041449935,0.89400003,0.248300212
11855hh2,Week_B,0.516825397,0.440095517,,9.295547053,0.193535901,0.428981481,,1.603730159,0.613055556,0.720857651,,1.294232893,0.374168385
11855hh2,Week_V,0.818928571,0.555171975,,8.121880151,0.049130078,0.332222222,,1.464801587,0.122037037,0.841276618,0.386541747,1.451693008,0.313777145
11855hh2,Week_1,0.556587302,0.946675296,,7.912196556,0.080884145,0.308055556,,1.337222222,0.114074074,0.760666808,0.14126411,1.333805941,0.674765095
12002hh1,Week_B,12.8922619,3.79107812,0.159271642,3.119554068,2.375122136,1.441111111,0.940555556,0.609484127,0.117777778,0.019740121,0.007757952,0.256892063,0.433953654
12002hh1,Week_V,12.37400794,1.381700805,0.179451299,4.158606748,2.39344671,0.708148148,0.923611111,0.774388889,0.133611111,0.016915181,0.009156409,0.188184166,0.424473656
12002hh1,Week_1,12.86039683,2.047793272,,4.619265714,8.646158905,0.71,,0.973055556,0.346388889,0.089313029,0.016838118,0.267080507,1.545727231
12173hh1,Week_B,6.678,0.972720416,,2.773355135,11.70679497,0.111944444,,0.447222222,1.491944444,0.45344374,0.034739114,0.504559982,0.779684067
12173hh1,Week_V,2.598888889,12.99576316,0.135123916,3.765122359,18.69029712,0.880416667,0.770486111,0.570694444,2.019375,6.562199958,4.370360949,10.25593873,9.357661481
12173hh1,Week_1,2.446944444,11.90845299,0.271358634,4.20730095,16.69117168,1.460555556,1.518055556,0.605416667,3.013472222,6.454101236,5.647672208,7.097952986,8.018129098
12578hh1,Week_B,7.027420635,1.993917754,0.13908322,5.475258279,4.58730341,0.7925,0.743888889,0.706722222,0.21662037,0.56528785,0.570618699,1.018494088,1.06982645
12578hh1,Week_V,6.575039683,1.180352912,0.101533272,0.460726398,5.966731552,0.759166667,0.45,0.169351852,0.279074074,0.37512415,0.51869409,0.633200238,1.099575729
12578hh1,Week_1,7.952857143,1.478562348,,0.367436743,5.973901685,0.622611111,,0.233680556,0.260069444,0.259536216,0.444685956,0.585344982,1.155407845
12623hh1,Week_B,8.069246032,0.458630942,,5.663521207,,0.074444444,,1.261706349,,0.030644785,0.011823969,0.303009896,
12623hh1,Week_V,6.348730159,0.215328172,,3.859468756,,0.123055556,,0.903333333,,0.020848254,0.012775043,0.1580667,
12623hh1,Week_1,6.858015873,0.196529962,,5.255834806,,0.093611111,,1.230595238,,0.022583688,0.012205807,0.282906025,
12645hh1,Week_B,4.439206349,,,6.346745525,22.61245124,,,1.003055556,0.613611111,0.072479693,0.062710908,0.524425568,4.254805372
12645hh1,Week_V,3.940674603,2.976829723,0.286607304,7.636933303,14.85132632,1.684259259,1.005694444,1.309603175,0.417777778,1.078735134,1.095007255,1.037076632,2.856601071
12645hh1,Week_1,3.869325397,10.88979641,2.091508541,10.26238121,22.58451565,2.588888889,2.947222222,1.83734127,0.60875,3.10335958,2.941914146,3.306055522,4.327107758
12905hh1,Week_B,1.291018519,0.774660246,,4.377180568,8.741410744,0.299722222,,1.040347222,0.311111111,0.358768729,,0.935417882,1.916203148
12905hh1,Week_V,1.100952381,0.188595802,,4.497041021,13.13910835,0.194444444,,1.204111111,0.433888889,0.23687069,,0.860869115,1.791963732
12905hh1,Week_1,1.859880952,0.404888485,,3.448029527,8.766422508,0.118611111,,0.845611111,0.343611111,0.181863293,,0.787946428,1.927080296
12956hh1,Week_B,5.172738095,0.185482131,,1.762802452,,0.055555556,,0.473888889,,0.025524055,0.008503471,0.080643404,
12956hh1,Week_V,10.29851852,,,1.93006829,,,,0.550462963,,0.019538785,0.017425576,0.135212322,
12956hh1,Week_1,9.21,0.981878755,,1.534400553,4.759753889,0.444722222,,0.407388889,0.157222222,0.039379187,0.042778832,0.202335106,0.829672976
1308hh2,Week_B,2.571111111,4.585783458,,,15.13787609,0.171111111,,,0.316574074,0.937047178,,,1.745140163
1308hh2,Week_V,1.470416667,3.815792825,,,9.656444587,0.087222222,,,0.209444444,4.69254792,,,0.560892079
1308hh2,Week_1,1.687857143,,,,2.24555458,,,,0.155972222,0.368643365,,,0.760638256
13160hh1,Week_B,0.952083333,0.544079882,,1.312884996,20.53705957,0.506944444,,0.481944444,0.682916667,0.541450896,0.278200182,1.900744539,3.068983755
13160hh1,Week_V,0.211388889,0.376795868,,1.774874345,9.920865563,0.158888889,,0.585555556,0.368888889,0.537857505,,0.777823433,0.923799701
13160hh1,Week_1,0.114722222,0.918999694,,2.242331827,10.23338636,0.243888889,,0.775,0.463055556,1.353898781,,1.34895571,1.096283637
13312hh1,Week_B,1.239444444,6.76010058,0.157485839,3.045224842,2.737149184,5.099722222,1.431527778,1.713888889,0.110555556,1.534985862,2.590656411,1.455698025,1.245874079
13312hh1,Week_V,2.115046296,1.219807017,,2.198465979,,0.254513889,,0.837731481,,0.070365454,,0.156766033,
13312hh1,Week_1,2.619166667,1.194870648,,3.344831849,,0.254398148,,1.191309524,,0.084644401,0.028963186,0.289583927,
13399hh1,Week_B,1.91297619,0.927790282,0.147915955,1.774277447,3.647377873,0.98734127,0.242222222,0.470753968,0.600092593,0.223906205,0.086850561,0.164331851,0.486714195
13399hh1,Week_V,1.949285714,0.851615171,0.239264474,2.042346166,0.866886364,1.078095238,0.316527778,0.566349206,0.536706349,0.111460824,0.064781202,0.106142292,0.123577159
13399hh1,Week_1,1.614388889,1.049551186,0.126660264,1.620500105,1.734119029,1.183194444,0.31462963,0.460902778,0.476597222,0.741203121,0.074841392,0.27523344,0.632002788
13401hh1,Week_B,0.190555556,0.978309194,0.246806442,0.170504558,3.517130339,0.304166667,0.465,0.0825,0.359305556,0.682242228,1.375893995,1.36661828,0.818718539
13401hh1,Week_V,0.659166667,2.055151025,0.146259664,,2.481821058,0.414722222,0.281111111,,0.226296296,0.647397744,0.700837055,,0.935055322
13401hh1,Week_1,0.147916667,2.297856964,,,2.080317711,0.334027778,,,0.198888889,0.64299787,,0.559508483,0.896068621
13474hh1,Week_B,1.03,2.52146255,,1.180129812,5.035277581,0.864166667,,0.416944444,0.294166667,0.439106444,0.54670795,0.647250469,1.580310144
13474hh1,Week_V,0.904722222,1.546789768,,,,0.321111111,,,,0.047209489,,0.041845381,
13474hh1,Week_1,2.046666667,4.264431407,0.756015246,2.100523894,12.66835395,0.547222222,1.093888889,0.631388889,0.543333333,0.177972841,0.365404895,0.526233492,1.409980461
13491hh2,Week_B,3.4275,5.484297015,,3.821280085,28.73546291,0.885694444,,0.837708333,0.842222222,3.707844128,0.835203412,5.49243239,6.270268029
13491hh2,Week_V,2.885714286,2.747714357,,7.819552482,35.29115049,0.466805556,,1.722916667,1.141388889,1.106399262,1.079967819,3.475684901,8.343900095
13491hh2,Week_1,1.587333333,0.863445595,,6.359699373,23.9963236,0.540648148,,1.512944444,0.42125,1.879968854,1.836508413,3.05165648,4.311098019
13521hh2,Week_B,4.164398148,2.461953289,0.913854948,5.540888772,19.38532714,0.287152778,0.343888889,1.235277778,1.008333333,0.907216038,0.354041349,2.925119093,2.390906798
13521hh2,Week_V,4.834087302,2.540287134,1.285911541,4.922865272,22.75977398,0.3775,0.15537037,1.070222222,0.627277778,1.983553618,0.596732793,3.480682063,2.441521436
13521hh2,Week_1,4.386428571,2.468634757,1.219994447,4.600618097,8.590360987,0.262777778,0.280833333,1.141888889,0.480277778,0.489319361,0.049565825,1.386671942,0.588590628
13824hh1,Week_B,9.355238095,8.811392623,0.630831954,3.419673188,16.61959964,3.086587302,2.134444444,0.767592593,1.318134921,4.861507819,4.87933247,6.91896199,3.309847755
13824hh1,Week_V,5.433564815,12.99834826,0.370553127,2.813096687,20.42901859,3.143166667,2.187944444,0.678611111,1.538,3.411976805,4.241408483,6.692904132,2.871656171
13824hh1,Week_1,3.584513889,10.11283891,1.121925981,2.510274064,25.27088676,3.212986111,1.994652778,0.848125,1.706458333,6.192024075,7.779533555,7.658985844,4.616129276
139hh1,Week_B,2.050416667,2.398867804,0.23772128,2.681372522,12.72042814,0.463611111,0.204722222,0.538472222,0.44125,2.014384673,2.345682915,1.480761117,2.862788391
139hh1,Week_V,3.463657407,,,0.392043129,2.550000766,,,0.081944444,0.086111111,0.01394015,0.016792905,0.049276355,1.066652827
139hh1,Week_1,2.068333333,,,0.562810904,5.049540816,,,0.176388889,0.321666667,0.107648166,0.005990367,0.08816836,0.498126601
14309hh1,Week_B,3.555,1.427918643,0.318658233,2.421168372,12.57069461,0.950833333,1.505,1.033541667,0.392986111,1.551987425,1.427724068,2.603369124,2.009815086
14309hh1,Week_V,3.10015873,0.864002385,0.060575888,2.335472494,9.965596265,0.453666667,1.601666667,0.654285714,0.377111111,1.283584533,0.65525149,1.151156083,1.941581353
14309hh1,Week_1,2.362222222,0.853430057,0.157571739,1.691062977,9.771090493,0.605,1.008703704,0.645416667,0.313680556,1.029777764,0.979789119,1.230351361,1.68014823
14325hh2,Week_B,0.435787037,,,5.830290206,,,,1.264722222,,0.02505708,,0.669384705,
14325hh2,Week_V,0.437824074,,,7.657496083,,,,1.649351852,,,,1.029679278,
14325hh2,Week_1,0.412261905,,,7.116569501,,,,1.475793651,,,,1.042136585,
14385hh1,Week_B,1.273472222,6.985094334,,0.09443628,14.11108424,0.505208333,,0.026388889,0.68625,2.185223521,,1.550016998,1.901536752
14385hh1,Week_V,1.629365079,6.647544964,,0.126861178,11.9783616,0.374277778,,0.064444444,0.513055556,1.422568706,0.011439313,1.722910071,1.301428861
14385hh1,Week_1,2.794325397,9.608165056,,0.304291886,16.92146942,0.816064815,,0.217638889,1.19,1.835949782,1.865642549,2.274108658,1.465954387
1473hh1,Week_B,10.81753968,1.007563445,,1.329679499,30.00440088,0.594166667,,0.549027778,0.609,0.705303096,0.326513388,2.217244528,5.070620688
1473hh1,Week_V,2.871805556,3.098763578,0.233722278,7.301756719,41.40512644,3.180714286,2.884960317,2.274325397,0.732166667,322.1639395,336.469348,320.6694398,285.0851414
1473hh1,Week_1,9.497579365,0.97059711,0.164101094,1.678142899,27.71761693,0.433958333,0.947222222,0.759944444,0.598777778,0.701347692,0.552882186,1.948478498,4.144024159
14999hh1,Week_B,11.72486111,1.097095393,,1.478529905,1.028930165,0.512777778,,0.572083333,0.058333333,0.035638128,0.018338116,0.076587093,0.655233672
14999hh1,Week_V,8.130992063,1.907104171,,1.579688487,25.32415104,1.378611111,,0.434305556,0.553888889,0.411928194,0.26070443,0.410632581,6.140977065
14999hh1,Week_1,9.98468254,1.864807432,,0.731878269,12.97941011,1.099861111,,0.266111111,0.32375,1.023169981,0.62435846,1.032854765,3.38213794
15046hh1,Week_B,4.440595238,0.345434881,,3.245502057,19.50938871,0.137777778,,0.902222222,0.599537037,0.22489137,0.008269285,1.767367455,2.858265149
15046hh1,Week_V,3.388412698,0.525074122,,0.358941452,12.22701784,0.236805556,,0.172777778,0.443055556,0.114751604,0.097613446,0.341398632,1.179423464
15046hh1,Week_1,4.153055556,0.770874245,,1.258005976,12.62071982,0.340092593,,0.458958333,0.534814815,0.283018476,0.247578904,0.594257126,1.077808211
15394hh1,Week_B,7.11912037,3.28108057,0.546366301,5.173277695,,1.072314815,3.337083333,1.172833333,,0.626036905,0.979195568,1.113801621,
15394hh1,Week_V,6.46087963,4.009992501,0.164936624,6.726387532,2.547156895,1.654087302,2.090208333,1.42781746,0.149166667,1.634050965,1.671873829,2.304854,3.227990982
15394hh1,Week_1,6.478412698,5.950850896,,4.32774118,15.70208009,0.456574074,,0.723452381,0.804166667,0.152662151,0.236140109,0.880346981,1.975072513
1572hh2,Week_B,3.092420635,0.573600532,,3.813955972,32.1527602,0.199722222,,1.023287037,0.587777778,0.79815886,0.517984699,3.684626427,7.092563785
1572hh2,Week_V,3.371865079,1.589748608,,1.382630015,61.17507815,0.515277778,,0.415694444,1.025972222,6.902537743,4.587834834,7.133170536,11.97593248
1572hh2,Week_1,2.286388889,1.611329511,0.594547345,2.562313699,68.32079462,0.818166667,0.969444444,0.697731481,1.160777778,11.26307075,9.736553254,11.77344596,13.31745976
16005hh1,Week_B,4.109880952,6.877195585,1.806923236,10.3252331,9.719166676,1.115238095,1.91212963,1.912460317,0.45912037,2.851468087,3.157294748,4.030670601,4.251802405
16005hh1,Week_V,3.624325397,7.005654204,1.821096575,11.79528014,12.50396015,1.286269841,0.936111111,2.325039683,0.541111111,3.643567185,3.070171773,3.104898181,5.227396893
16005hh1,Week_1,3.307738095,5.869128274,0.533330471,8.223409252,6.59761912,0.765787037,0.712361111,1.655753968,0.187083333,2.663566612,2.87268028,4.291705387,3.190416914
16081hh1,Week_B,3.269351852,0.928107363,0.860818836,3.298361997,1.570214485,1.338611111,1.301111111,0.787083333,0.605,0.468493597,0.335691588,0.847127877,0.725598477
16081hh1,Week_V,2.268703704,7.559953698,0.879050671,2.522726052,32.98413519,0.826157407,0.660092593,0.555722222,0.897,6.078752655,5.230621061,5.89048745,6.340251233
16081hh1,Week_1,1.460793651,3.288801595,0.271607338,1.975701056,32.5119007,0.655198413,0.686203704,0.43337963,1.083888889,4.715004497,3.158036294,5.350221195,5.626982573
16623hh1,Week_B,2.600912698,4.870168355,,1.447667379,3.154098326,0.613981481,,0.320555556,0.484537037,0.31248724,0.006305198,1.068540758,0.225055857
16623hh1,Week_V,2.431031746,8.222245199,,1.345721796,24.93792229,0.810069444,,0.265833333,1.682083333,1.113839239,0.007126782,0.812458684,0.959029513
16623hh1,Week_1,2.396269841,14.72848768,0.534056709,2.953102621,19.19551799,1.40125,0.4075,0.572407407,1.066666667,2.219598604,3.618063611,5.612408594,1.788393405
16799hh1,Week_B,4.377222222,0.176954546,,0.962641185,8.501528906,0.118333333,,0.254722222,0.509166667,0.176969155,0.109897008,2.779439834,1.698339431
16799hh1,Week_V,0.139722222,,,1.770963608,,,,0.342083333,,0.151372948,,0.330746406,
16799hh1,Week_1,4.250763889,0.21417213,,,11.34205225,0.072222222,,,0.420833333,0.062449042,0.068557251,0.059415923,0.438076903
17218hh1,Week_B,4.129801587,1.733184049,1.042771484,18.92675696,1.414795103,0.461111111,0.228611111,1.941944444,0.152222222,0.192946107,0.056150674,1.910471014,0.031485744
17218hh1,Week_V,3.776150794,3.974999094,,12.89568477,4.029042095,0.590694444,,1.422013889,0.141666667,0.320950136,0.019987865,1.321237417,0.333625732
17218hh1,Week_1,3.477063492,2.272800911,,13.28784603,3.109217509,0.651388889,,1.447685185,0.203611111,0.218810878,0.016555484,1.556074878,0.01830984
1753hh1,Week_B,6.263571429,1.820597475,,8.721818505,44.30744388,0.494611111,,2.021018519,0.713055556,4.777227362,1.967591169,6.821808638,8.237945923
1753hh1,Week_V,6.112619048,8.695376952,0.240687462,9.438871765,45.29305541,0.907685185,0.443611111,2.42962963,0.885462963,8.064264291,6.895498738,8.366922446,17.68876746
1753hh1,Week_1,5.051547619,5.632513962,0.475790325,9.352303139,56.27282975,0.942333333,0.919907407,3.231,1.023222222,7.077688319,7.528334396,10.33317579,11.9330339
18008hh1,Week_B,5.092569444,1.393151583,,1.494438288,30.00406163,0.257222222,,0.526388889,0.789444444,0.090763843,0.104490169,0.218648522,3.844484533
18008hh1,Week_V,4.274777778,1.233329601,,2.858877401,,0.088611111,,0.842222222,,0.022953819,0.017784117,0.095942075,
18008hh1,Week_1,4.737301587,1.647939335,,1.730053327,,0.138055556,,0.679907407,,0.020041999,0.017903821,0.162197469,
18062hh1,Week_B,11.27710317,0.659435062,,,,0.114444444,,,,0.009546326,0.006981192,0.011291018,
18062hh1,Week_V,8.317579365,0.564629535,,3.548076081,,0.180555556,,0.868333333,,0.011403641,0.008355675,0.062802191,
18062hh1,Week_1,10.68198413,0.862642676,,,,0.357222222,,,,0.010786787,0.007326664,0.01132313,
18095hh1,Week_B,3.563095238,5.687214385,0.28623723,3.318020869,16.27119519,1.427261905,1.037013889,1.593174603,0.636507937,1.754175441,1.529231352,2.236937813,1.997274745
18095hh1,Week_V,4.895992063,2.303355518,0.183564472,2.395178292,14.54927706,0.822380952,0.183333333,1.423690476,0.54702381,1.04030147,0.725534771,1.957398087,2.108797919
18095hh1,Week_1,4.053492063,1.782032104,0.161848776,3.166625506,17.33946296,0.72968254,0.320277778,1.357103175,0.74281746,1.002919845,0.734889363,1.869906619,1.958049227
18133hh1,Week_B,6.176349206,0.558204276,,0.188565507,3.218240538,0.086111111,,0.21,0.201666667,0.033052332,0.019415574,0.053430965,0.536650482
18133hh1,Week_V,6.632666667,1.07926265,0.172270995,0.44619447,30.52567933,2.027222222,2.404444444,0.351111111,1.175,59.96216209,57.113396,61.58086545,72.91643328
18133hh1,Week_1,5.505277778,1.324456119,0.190598704,0.635229281,91.88354294,1.3275,1.584097222,0.401527778,1.066388889,149.0228933,148.5727099,144.2662293,185.3972135
18594hh1,Week_B,2.418333333,1.371438629,0.280419721,1.351475497,9.288712032,0.379305556,0.398055556,0.339259259,0.278148148,0.767648977,0.21780348,0.647953665,0.748048304
18594hh1,Week_V,1.660055556,3.767154374,0.232805174,3.969193091,11.2328287,0.67375,0.576944444,0.755925926,0.322361111,1.196348603,1.520670401,2.274737295,0.679104382
18594hh1,Week_1,2.016388889,5.277357457,0.262181187,1.846795805,19.7225001,0.474055556,0.070555556,0.448333333,0.777083333,1.26070849,0.553304113,1.37663652,1.071772673
18598hh1,Week_B,2.519953704,3.748035513,,,8.367157644,0.127222222,,,0.247638889,0.463083628,0.025507046,0.536932627,0.836083368
18598hh1,Week_V,1.778650794,,,,0.124114726,,,,0.124722222,0.012876783,0.011335784,,0.013235846
18598hh1,Week_1,4.468333333,2.987560705,1.027174465,0.121334005,44.10314432,0.247962963,0.147222222,0.055833333,1.249722222,0.899974289,0.34985496,1.451338594,3.511834801
18610hh1,Week_B,0.859555556,1.810263535,0.096553412,1.518289287,9.901433305,0.323333333,0.171111111,0.340555556,0.431527778,1.033672325,3.611392346,0.248413637,1.450413721
18610hh1,Week_V,0.985694444,4.573599267,0.306435542,0.360878476,75.57136121,0.279259259,0.336666667,0.134166667,1.376759259,18.66886809,2.153948418,21.55310203,15.08212898
18610hh1,Week_1,0.993111111,9.64935285,0.882232602,0.179786839,63.58779369,0.295388889,0.261111111,0.041388889,1.221444444,15.07689321,0.053114373,40.37576694,14.43490139
1865hh1,Week_B,7.385555556,0.793286033,0.868100162,3.475271782,26.655949,0.13462963,0.290486111,0.721527778,2.063125,3.733251004,0.699271364,1.943794663,4.592668464
1865hh1,Week_V,2.361555556,3.244161817,0.097048775,2.032923961,75.95924213,0.309777778,0.110555556,0.377055556,1.433888889,9.904763189,2.453061646,6.983740709,14.56618283
1865hh1,Week_1,3.380092593,12.1746071,0.621199497,3.65038314,52.58892403,0.4925,0.930277778,0.795416667,1.23287037,7.456210427,8.139905528,17.43763102,10.17551767
18922hh1,Week_B,11.27833333,1.062850524,,4.678882646,,0.85,,1.002936508,,0.017205581,0.010621947,0.177828763,
18922hh1,Week_V,8.225873016,1.002034157,0.293673901,2.467655542,50.99598972,0.428981481,0.996388889,0.596468254,0.947407407,4.866391616,3.135875954,9.024499788,16.57902002
18922hh1,Week_1,7.824404762,0.844311579,0.148889602,1.72869861,8.153989608,0.345648148,1.169722222,0.413769841,0.508611111,0.10790995,0.031940249,0.192295216,1.764618182
19052hh1,Week_B,3.455833333,0.836301153,,1.393126094,7.369662433,0.210333333,,0.298657407,0.252638889,0.766371723,0.009861472,0.484653492,0.838473709
19052hh1,Week_V,3.337301587,0.480509826,,1.054222261,,0.152083333,,0.197833333,,0.117979828,0.015515887,0.213853913,0.006842961
19052hh1,Week_1,3.049484127,0.451166083,,0.901467008,14.86551969,0.118055556,,0.185873016,0.368333333,0.838777163,0.004405138,0.907503164,0.329516885
19167hh1,Week_B,4.505119048,0.678719245,0.129737968,9.197458238,12.03879875,0.314222222,0.398472222,2.357261905,0.334166667,0.149844372,0.238581592,0.785503062,2.535507901
19167hh1,Week_V,4.62547619,0.695769072,,6.986709199,15.92555075,0.395069444,,1.666611111,0.333611111,0.150773679,0.015614375,0.388238756,3.692797439
19167hh1,Week_1,3.905,0.79380275,0.236923814,5.733700188,2.668091375,0.303333333,0.251666667,1.331944444,0.0975,0.050552562,0.017573017,0.592902882,0.653079573
19553hh1,Week_B,3.330601852,0.338992715,,2.676823745,,0.1925,,0.850722222,,0.042365451,0.048206587,0.307826189,
19553hh1,Week_V,3.588015873,0.70248319,,1.707822573,21.11409527,0.332222222,,0.53031746,0.494861111,0.674518093,0.179427789,1.303723433,4.911547227
19553hh1,Week_1,3.624801587,0.407146313,,1.358823007,,0.168888889,,0.576527778,,0.030638792,0.016730124,0.175231282,
19870hh1,Week_B,0.4525,0.579873885,,3.759656664,4.074761786,0.162777778,,0.858148148,0.174722222,0.285661928,0.138416793,1.305809405,0.599536495
19870hh1,Week_V,0.526547619,0.801436364,,3.811366403,5.890180993,0.254722222,,0.94125,0.274583333,0.645818623,,1.895765344,0.192825856
19870hh1,Week_1,0.901166667,0.563275288,,4.019619838,6.657793563,0.204583333,,0.984611111,0.190833333,0.554797365,0.007711838,1.226914097,0.276593273
19897hh1,Week_B,4.237420635,4.71603276,0.354437397,2.617681481,10.89507747,1.918819444,0.60875,1.624930556,0.370694444,0.946398295,0.801001644,1.091906327,1.922431525
19897hh1,Week_V,3.578015873,3.677662583,0.463907149,1.945257592,8.239828753,1.493703704,0.616111111,0.963703704,0.273611111,0.824447915,0.581401916,0.98438149,1.527189832
19897hh1,Week_1,2.928194444,3.594508045,0.365960187,6.077765847,11.88178718,2.949861111,0.452222222,4.106805556,0.401666667,0.747605229,0.989751913,1.767732187,1.686937537
1996hh3,Week_B,12.90329365,1.124949122,,5.274760123,41.34756461,0.144166667,,0.91962963,1.01,0.260182497,0.024966692,0.663560944,3.949325267
1996hh3,Week_V,13.45055556,0.657986329,,2.272280564,20.14400156,0.148333333,,0.435111111,0.608703704,0.056621869,0.043925266,0.398909758,3.14898465
1996hh3,Week_1,15.5559127,1.950705639,0.293405603,4.180959168,239.1909648,0.960277778,0.896388889,0.891944444,3.412638889,17.46177757,14.02017864,24.65195615,50.59356253
20441hh1,Week_B,7.446071429,1.257753563,0.148875922,1.254954697,23.00384673,0.835231481,2.146944444,0.582731481,0.68952381,1.395801575,1.064870154,2.190266096,3.119418869
20441hh1,Week_V,8.300396825,0.57881054,,0.773688453,21.25964027,0.708263889,,0.306481481,0.604444444,0.813038989,0.757332322,1.397554568,3.193651337
20441hh1,Week_1,9.061230159,1.05446636,0.092100784,1.567189453,23.08606174,1.181898148,1.864583333,0.58462963,0.641990741,0.970496315,0.918007152,1.510681384,3.350681603
20716hh1,Week_B,0.905,0.625770078,,7.097857227,10.01738031,0.377222222,,1.719444444,0.515777778,1.447899384,,2.651386914,1.807134027
20716hh1,Week_V,0.150555556,3.169275211,,5.454067883,12.24016901,0.395277778,,1.464375,0.691944444,1.585111994,,2.151108716,1.416584356
20716hh1,Week_1,1.322638889,1.440615653,0.129779436,3.817499955,10.65371205,0.517592593,0.338333333,1.053680556,0.404027778,0.653570251,2.387673168,2.308109853,1.342294139
20811hh1,Week_B,2.284907407,14.32570815,0.752326513,0.956119716,34.97008497,0.648333333,0.243055556,0.299537037,0.497361111,2.885482406,2.695797545,0.360567502,7.897712426
20811hh1,Week_V,8.218253968,10.50022659,0.708953109,1.270294237,73.43394543,0.388009259,0.269861111,0.425555556,2.256111111,6.531732401,10.58212341,0.290617606,5.865234929
20811hh1,Week_1,9.842055556,0.493006772,0.251737887,1.450551636,3.359158197,0.159722222,0.247777778,0.5225,0.285833333,0.26023193,0.163874569,0.316257409,0.031180571
20912hh1,Week_B,4.238055556,2.836792594,0.766289386,3.042476459,5.413483621,0.909603175,0.26287037,0.931349206,0.244652778,0.255969974,0.31613103,0.721853281,1.01766069
20912hh1,Week_V,3.466349206,2.169931083,0.348180973,3.663208456,9.471982863,0.833293651,0.656944444,1.312460317,0.294166667,1.244038762,0.748937652,2.44147144,3.289842313
20912hh1,Week_1,4.374007937,4.487527351,0.225621751,4.065428145,26.0731702,1.08875,0.283425926,1.674007937,0.410555556,3.221255434,2.297796923,4.183455851,6.134196653
21066hh1,Week_B,1.871031746,0.734903749,0.150063604,1.396573405,7.17214909,0.30287037,0.125555556,0.276944444,0.30625,0.308190338,0.148977551,0.34529138,0.561424663
21066hh1,Week_V,3.952685185,1.028554232,0.053529376,3.85404551,20.051808,0.826944444,0.078333333,0.925277778,0.468055556,0.910740266,4.340135092,7.938334205,0.36376524
21066hh1,Week_1,2.780753968,,,,4.719227206,,,,0.31625,0.035814921,0.016500228,,0.358395764
21066hh2,Week_B,2.287222222,2.390985555,0.735538983,1.842870447,30.52929686,0.852222222,0.283194444,0.544305556,0.900833333,3.665362042,2.755541416,7.263296326,3.217394224
21066hh2,Week_V,2.136018519,2.383882783,,0.366372282,18.62466573,0.251851852,,0.091388889,0.886018519,0.536199945,0.076139509,0.748467942,1.609866623
21066hh2,Week_1,1.721388889,2.082930451,1.241079282,2.878865747,4.206827587,0.449930556,0.103888889,0.49787037,0.402916667,0.173808979,0.239472917,0.753983249,0.25236044
21638hh2,Week_B,1.021150794,0.945154146,,0.684763937,22.24638821,0.215694444,,0.366111111,0.491666667,0.887383746,,1.162217756,4.388561605
21638hh2,Week_V,0.987592593,0.556186503,,1.136688082,,0.292916667,,1.212777778,,0.076762715,,0.183175895,
21638hh2,Week_1,0.720277778,1.456914753,,1.190734398,41.65120909,0.283888889,,0.499305556,0.829722222,2.518788518,,8.134004785,8.095717423
21745hh1,Week_B,1.522103175,2.134672686,,0.948330169,5.64254351,0.497685185,,0.258388889,0.236666667,0.613692264,0.048555676,1.255941821,0.525598438
21745hh1,Week_V,1.672539683,1.691391107,0.366574224,0.826867903,9.618929307,0.491018519,0.755694444,0.228769841,0.424166667,0.9097173,0.269813157,0.814617744,0.791472059
21745hh1,Week_1,1.683541667,3.729910404,0.04470781,0.32494435,12.31226306,0.442407407,0.156388889,0.181111111,0.798055556,1.159654858,0.509771544,1.652214885,1.692649208
21928hh1,Week_B,0.414305556,0.865535034,,12.96906368,,0.376944444,,1.855416667,,3.194095457,3.814790869,2.464734414,
21928hh1,Week_V,0.148611111,0.398783423,,5.127503076,,0.110833333,,1.033888889,,0.300700407,,0.927523691,
21928hh1,Week_1,0.517916667,,,10.76924582,,,,1.574583333,,1.27165122,,1.884358581,
22399hh1,Week_B,7.386111111,0.729934563,,4.154430699,13.34484266,0.134801587,,0.691507937,0.286388889,0.038087233,0.020889038,0.263542066,2.647100103
22399hh1,Week_V,4.55537037,2.535147487,0.772319361,5.183225141,,0.741574074,1.107777778,0.687986111,,0.043632386,0.035044566,0.24754292,
22399hh1,Week_1,8.189212963,6.074069273,0.260136474,6.009797388,19.51096407,2.075092593,0.26125,1.468101852,0.6095,2.448342785,1.11303423,2.54827704,3.31657524
22515hh1,Week_B,7.341269841,1.36236991,,2.707198033,22.39388008,0.26125,,0.663253968,0.632430556,0.834962084,0.564886073,0.423203591,5.078626599
22515hh1,Week_V,7.005833333,1.022689799,0.356415529,2.719623069,26.25447431,0.458888889,0.485833333,0.605198413,0.858703704,0.645924509,0.631735459,0.659460349,4.850247359
22515hh1,Week_1,7.264365079,1.020764074,,3.674957179,5.596635532,0.145694444,,0.831349206,0.243240741,0.099717293,0.034704266,0.256024323,1.24334981
23014hh1,Week_B,3.428055556,2.360002859,0.112619915,2.258441488,51.24881836,3.327166667,0.833402778,1.0585,0.948888889,4.350917505,7.271439481,4.748057561,8.186932851
23014hh1,Week_V,5.847460317,2.479643441,0.137771212,1.818343159,35.32323396,2.540648148,1.973611111,0.8,0.764722222,2.512951781,2.975477645,2.757914169,5.226076063
23014hh1,Week_1,3.761111111,2.698695541,0.078423027,2.616362516,31.77540494,3.032111111,0.633888889,1.1415,0.743555556,3.942097152,6.210155249,5.41024322,5.271940669
23381hh1,Week_B,2.434761905,1.015637717,,1.843220226,4.464482114,0.131388889,,0.404126984,0.418425926,0.591890228,0.025580081,0.735745538,1.306032374
23381hh1,Week_V,1.510925926,4.211696186,,2.221332986,7.923310712,0.326805556,,0.523,0.307638889,1.208887606,0.698097834,1.337737457,1.871364723
23381hh1,Week_1,0.599563492,2.007301407,,1.230124043,4.824850872,0.196333333,,0.299236111,0.24962963,0.725589385,0.064942827,0.268363714,1.312511069
23381hh2,Week_B,0.283928571,0.445275712,,1.245903263,2.693174538,0.112055556,,0.276230159,0.315277778,0.296762911,0.011773814,0.550290959,0.784517966
23381hh2,Week_V,0.501574074,2.596554486,5.413202447,1.860046736,5.759152396,0.261388889,0.260555556,0.436018519,0.267361111,0.671142785,1.497024151,0.88919751,0.733182133
23381hh2,Week_1,0.903981481,1.722971341,,1.879103491,5.005501351,0.316111111,,0.316342593,0.2325,0.493144229,0.028886434,0.374614287,1.110320404
23710hh1,Week_B,4.475,0.980242683,0.347456111,0.642181242,,1.562055556,1.912611111,0.422722222,,0.042616285,0.042465247,0.034217636,
23710hh1,Week_V,4.027037037,1.022749481,0.519502173,0.778578062,,2.23912037,2.869236111,0.643009259,,0.051440805,0.051142481,0.050515519,
23710hh1,Week_1,5.858174603,1.296362735,0.413996098,1.12823538,,2.854166667,2.406865079,0.709603175,,0.045282728,0.044207057,0.040597117,
23843hh1,Week_B,3.302888889,1.608512497,,2.46937724,13.70855742,0.127777778,,0.707569444,0.346666667,0.112659388,0.146337982,0.556343283,1.856592811
23843hh1,Week_V,2.280055556,,,0.711233296,,,,0.174722222,,0.014428551,0.009074985,0.048248342,
23843hh1,Week_1,1.701507937,1.186004781,,1.996928863,13.55846516,0.159583333,,0.647291667,0.391944444,0.240776666,0.082393814,0.711773028,1.943416631
23846hh1,Week_B,0.680555556,6.585736016,,2.97833628,52.35321158,0.184097222,,0.638055556,0.744,13.15311065,,0.721378232,11.27287345
23846hh1,Week_V,0.419777778,6.125795819,,4.456408029,18.1916976,0.170185185,,1.001527778,0.456018519,2.380018631,,1.034824896,4.094419984
23846hh1,Week_1,0.802731481,2.473750993,,5.212688823,6.714604114,0.145694444,,1.153666667,0.169861111,0.361735755,0.015061945,0.954421455,1.186943105
23846hh2,Week_B,2.041944444,,,2.904025277,,,,0.703148148,,0.010273342,0.006951695,0.626581424,
23846hh2,Week_V,1.509444444,,,2.757151948,22.34844903,,,0.639027778,0.41125,0.067417002,0.08501043,0.513260099,4.107999638
23846hh2,Week_1,4.619722222,0.423363163,,4.610288671,28.03172326,0.026944444,,1.037222222,0.625277778,0.054058199,0.08349446,0.905589218,4.49606745
23907hh1,Week_B,4.507222222,3.8734607,0.118561344,5.957311681,,2.820277778,1.396666667,2.488611111,,0.27660827,0.235633904,0.377167508,
23907hh1,Week_V,5.1285,6.56302959,0.174182703,8.638794334,,2.52787037,0.341666667,2.812222222,,0.314024953,0.163389191,0.340011648,
23907hh1,Week_1,5.892698413,1.135970965,,6.611202982,8.899994477,0.359166667,,2.000648148,0.273611111,0.322532646,0.059653489,0.840012882,2.566505449
24314hh1,Week_B,1.266342593,1.296149849,,1.636381527,14.73548614,0.125222222,,0.405833333,0.527361111,0.936343965,0.102258005,0.325900773,0.981994364
24314hh1,Week_V,1.544404762,21.15093148,,1.109029034,237.2188489,0.484814815,,0.299537037,2.570185185,19.23404337,0.032420689,76.25340187,32.41157145
24314hh1,Week_1,1.251984127,1.362529796,,1.859291834,11.72627214,0.205,,0.468555556,0.299305556,1.345546359,0.380689401,1.551884511,2.349278416
24684hh1,Week_B,3.250119048,2.554663317,,2.583620753,23.63241971,0.427291667,,0.556055556,0.5575,1.274894151,,3.547568542,0.946526598
24684hh1,Week_V,3.450277778,0.923739242,,2.034223402,8.997205585,0.203958333,,0.442388889,0.401944444,0.615263972,0.093058464,0.899385101,0.426462688
24684hh1,Week_1,1.908253968,0.7734573,,2.709148748,12.37452766,0.275185185,,0.599930556,0.385833333,0.200120798,0.178577385,0.474776946,0.117917679
24684hh2,Week_B,3.304603175,3.49202776,,3.79826945,7.493252363,0.962222222,,0.899166667,0.632222222,0.218374188,,0.759446836,0.127106023
24684hh2,Week_V,7.668730159,3.011704156,,2.041302459,9.861726861,0.4925,,0.458194444,0.421944444,0.78125527,,0.548336685,0.165986582
24684hh2,Week_1,10.21996032,1.557498314,,1.77369653,4.220854799,0.508333333,,0.402777778,0.252083333,0.31047827,,0.399259899,0.012500006
25010hh1,Week_B,1.980416667,0.531803034,0.156784457,1.553381549,6.639876081,0.520277778,0.996944444,0.417222222,0.257962963,0.838335083,1.097201818,2.161374831,1.412274075
25010hh1,Week_V,1.688009259,0.766020344,,8.275576179,11.94103263,0.367222222,,1.298166667,0.353944444,1.43471465,1.389611508,3.367463392,2.335181577
25010hh1,Week_1,1.376157407,0.638051348,,1.110543285,10.81372424,0.28,,0.39968254,0.29734127,1.770182896,0.935494797,3.303464058,2.020120974
2563hh1,Week_B,1.813425926,10.39389278,0.228537158,0.762988796,16.50502465,1.018055556,0.132152778,0.212361111,0.863958333,4.612822881,5.857008289,2.982137365,5.542041612
2563hh1,Week_V,0.686805556,2.352131441,0.325310522,0.210845186,7.250075026,0.364236111,0.122777778,0.13,0.499444444,1.176614887,1.352860551,2.719222176,1.163941884
2563hh1,Week_1,0.823833333,1.284691913,,0.176469483,11.8796518,0.231333333,,0.092777778,0.347111111,1.684298155,0.990807329,3.275525857,2.198081853
26241hh1,Week_B,1.12162037,0.958668066,0.061894758,1.129367329,0.212394699,1.262222222,0.104722222,0.201666667,0.339722222,0.135693129,0.05024059,0.284442927,0.177914698
26241hh1,Week_V,4.530777778,0.831753682,2.345767368,0.890343638,0.31769349,0.633472222,0.141111111,0.171527778,0.308194444,0.102294023,0.226170701,0.217037018,0.101962806
26241hh1,Week_1,4.682619048,1.472497256,,0.589874884,0.943017144,0.538333333,,0.106388889,0.080277778,0.0316437,0.016453578,0.328895498,0.011604412
26520hh1,Week_B,1.465416667,,,2.705643843,,,,0.918472222,,0.106335403,0.012618513,0.530140926,
26520hh1,Week_V,1.484907407,1.035629182,,1.788913274,5.246886224,0.565,,0.817222222,0.421944444,0.204881962,0.644512487,0.7869021,1.59523857
26520hh1,Week_1,2.026111111,4.683948684,,3.312545175,3.312030871,0.541388889,,0.947592593,0.272638889,0.293696657,0.298880681,0.949253595,1.35648443
26591hh1,Week_B,4.709563492,0.679942733,0.168826593,0.600106715,8.732757368,0.482833333,1.359027778,0.553402778,0.288777778,0.233788048,0.323992337,0.471013725,1.603418407
26591hh1,Week_V,6.531626984,1.348602863,0.180510883,1.36153307,14.72184627,0.739259259,1.136296296,0.675462963,0.428148148,0.44247779,0.466838094,1.362148776,2.355836796
26591hh1,Week_1,6.023518519,0.636568789,,1.208977306,21.68289916,0.2375,,0.493935185,0.513125,0.306650221,0.378882372,1.385719723,2.829009031
26749hh1,Week_B,11.31424603,0.867284783,,0.671805521,45.57296621,0.146388889,,0.376666667,0.966111111,0.148781573,0.353542633,0.300394219,9.239723247
26749hh1,Week_V,10.60507937,0.580708007,,0.68537873,46.96506754,0.232685185,,0.259111111,1.2525,0.169519665,0.327211779,0.303608188,7.094577873
26749hh1,Week_1,9.083214286,1.114535374,,1.180511921,46.74403841,0.308564815,,0.52087963,1.1775,0.666976915,0.708313278,1.703837414,6.786005995
26981hh1,Week_B,6.659563492,0.705408322,0.16553841,9.863007897,64.8556383,0.858958333,1.096666667,1.953174603,1.223402778,5.967531417,3.192887781,8.688152209,10.93752736
26981hh1,Week_V,6.564801587,0.72351322,,9.264321851,35.22513432,1.194722222,,1.853531746,0.764166667,1.476065681,0.366762207,4.608938839,6.623147254
26981hh1,Week_1,6.868134921,1.362695114,,10.88752449,32.55416494,0.900833333,,2.220833333,0.701458333,3.261346714,1.284966546,4.073418483,5.829524927
27136hh1,Week_B,1.631547619,3.423928261,,1.86148416,3.38666588,0.226666667,,0.582546296,0.133888889,0.023344229,,0.251897228,0.662045863
27136hh1,Week_V,1.125238095,0.396183617,,1.045936212,3.526888691,0.129444444,,0.391180556,0.215277778,0.052725675,0.043105159,0.127025637,0.411847198
27136hh1,Week_1,1.804722222,0.352330107,,1.591364586,10.94286613,0.079166667,,0.531944444,0.409722222,0.042309421,,0.439810143,0.835267902
27317hh1,Week_B,9.849007937,0.946958776,,3.701098086,30.5371825,0.4995,,0.903888889,0.6325,0.535107169,0.455530993,0.452587658,4.686329066
27317hh1,Week_V,9.26734127,1.199407738,,1.903152085,91.21790716,0.882222222,,0.64,1.456805556,1.982790922,2.375358421,1.908965716,15.98511046
27317hh1,Week_1,10.78162698,0.453145971,,5.534855153,10.57899321,0.161666667,,1.345,0.278055556,0.034137042,0.017271101,0.518377456,1.601897085
27321hh2,Week_B,5.508981481,1.349675638,0.258785082,2.611911471,6.764592532,1.636333333,3.332314815,0.810222222,0.235555556,0.096953351,0.084770459,0.291840951,1.517256137
27321hh2,Week_V,6.477944444,0.778087501,0.23851044,2.55145035,9.371477594,0.639583333,1.799583333,0.658333333,0.478888889,0.148143018,0.062801465,0.503312684,2.153532289
27321hh2,Week_1,5.54952381,0.749800389,,3.613044763,14.46946012,0.257407407,,0.993263889,0.662361111,0.234081062,0.083911524,1.069753489,2.288699915
27498hh1,Week_B,4.91,0.406835212,,0.342580021,35.30406447,0.593472222,,0.124537037,1.27,0.455371151,0.069101733,0.433571746,1.299202058
27498hh1,Week_V,4.347380952,2.849851243,0.817163073,0.305038013,21.12902418,1.885055556,0.269027778,0.247,0.961319444,3.267471597,2.565700803,3.697400321,2.714991062
27498hh1,Week_1,6.164484127,4.544151212,0.757509861,0.70091012,41.37036389,1.285388889,0.931759259,0.245611111,1.125277778,3.185996222,4.201654678,4.282694152,2.865047207
27900hh1,Week_B,10.31396825,0.202334879,,2.486673478,37.28336257,0.136666667,,0.586898148,0.866458333,0.063920069,0.230414098,0.441233178,4.593289509
27900hh1,Week_V,10.43190476,0.251906912,,2.687859376,65.26787667,0.185972222,,0.627261905,1.381666667,0.47366783,0.378934222,0.648330062,10.12286359
27900hh1,Week_1,10.08928571,,,2.619973981,66.95712397,,,0.563958333,1.34,0.038908274,0.014709279,0.180160303,7.239114574
28320hh1,Week_B,8.496064815,0.566572913,,6.483983898,14.89928248,0.197592593,,1.575888889,0.392111111,0.351454434,0.163024358,0.916835817,2.445246681
28320hh1,Week_V,8.305634921,0.674093764,0.183042478,3.329322487,20.50311096,0.398402778,0.502777778,0.972222222,0.533402778,0.644254094,0.586922232,0.721807151,3.022842025
28320hh1,Week_1,7.643134921,1.060468208,0.105135084,5.950463616,19.12155919,0.336166667,0.448333333,1.494490741,0.448888889,0.672433922,0.373976512,1.00502221,2.562926871
28773hh1,Week_B,2.733690476,0.77947673,,3.77237277,6.063065393,0.348148148,,1.058611111,0.186944444,0.173686547,0.04656962,0.690132521,3.379381314
28773hh1,Week_V,3.608240741,1.440748524,,6.403604025,41.8321181,0.726296296,,1.905277778,1.099027778,1.000999888,0.629431064,1.668190287,7.823255441
28773hh1,Week_1,2.072638889,0.238178547,0.043428702,2.509277738,,0.213518519,0.978611111,0.618518519,,0.202013116,0.27237132,0.4289915,
29352hh2,Week_B,7.058531746,5.549659949,0.437282718,9.209589808,12.56499617,2.3255,1.322277778,2.66,0.291777778,2.187504977,2.503386433,3.796603544,3.151525864
29352hh2,Week_V,6.515912698,4.702759665,0.246985802,13.05263534,16.00908658,2.260185185,1.096712963,3.813657407,0.399444444,2.708097059,3.762104093,4.751179626,3.073527927
29352hh2,Week_1,6.211587302,5.869367931,0.573824022,9.696609838,26.66827469,2.032592593,1.604277778,2.478611111,0.593287037,3.155448688,2.770474655,3.769961151,2.837187615
29431hh1,Week_B,6.674675926,0.191254394,1.102185614,0.822315336,0.591161702,0.108611111,0.171666667,0.216111111,0.349166667,0.021616867,0.016509459,0.129471645,0.00773945
29431hh1,Week_V,4.140722222,0.159734521,0.445048519,5.139871485,0.279195084,0.246111111,0.052222222,1.371944444,0.111944444,0.100233266,0.021140053,0.339614034,0.009710857
29431hh1,Week_1,3.523611111,0.065894997,,1.043936436,,0.054444444,,0.223333333,,0.048004943,0.024475317,0.239693159,0.00799678
29811hh1,Week_B,7.504920635,3.168908663,0.336931239,4.288272988,7.77059911,1.3575,0.99,1.031111111,0.430833333,0.130924661,0.086391421,0.382783231,1.362569146
29811hh1,Week_V,6.153333333,0.828250834,0.086956255,2.686328359,6.011172872,1.069166667,1.1075,0.945555556,0.144444444,0.19058739,0.174240622,1.018344154,1.483136339
29811hh1,Week_1,7.033968254,1.20991713,,4.679066071,1.63612362,0.324166667,,1.022083333,0.0975,0.133078354,0.05214853,0.482939017,0.693074368
30192hh2,Week_B,2.119722222,0.813400512,0.08322383,2.888867871,22.44770423,0.142916667,0.214166667,0.828055556,0.501111111,0.800096743,0.366520572,1.062947444,4.137708487
30192hh2,Week_V,1.52468254,1.875676838,,3.442235653,13.83781364,0.733981481,,0.9095,0.406851852,0.562304462,0.014522818,0.740275651,2.789209064
30192hh2,Week_1,1.53125,1.057491101,,1.431763019,15.89434661,0.422962963,,0.381666667,0.385555556,0.20989783,0.044740267,0.19767252,3.036630952
30820hh1,Week_B,4.247142857,2.907855355,0.173960017,2.070721265,9.256626238,0.848819444,1.918888889,0.846574074,0.356944444,0.802313758,0.860428939,1.277139784,2.189183604
30820hh1,Week_V,3.61287037,0.919966512,,2.366573043,4.28113734,0.142569444,,0.574722222,0.193055556,0.223963941,0.040520339,0.564460561,0.889793557
30820hh1,Week_1,2.824801587,1.418275003,,1.758131686,9.315062679,0.13962963,,0.479305556,0.464444444,0.391903186,0.274801848,0.989178287,2.211332807
31264hh3,Week_B,9.12015873,1.537948706,,1.284406354,16.6708131,0.18037037,,0.321944444,0.600740741,0.217313004,0.076599788,0.133395893,2.102779921
31264hh3,Week_V,12.32904762,2.006993799,,1.901872719,13.28187244,0.226507937,,0.280763889,0.487962963,0.046995672,0.040336358,0.049023112,2.105092376
31264hh3,Week_1,10.1293254,1.564074328,,2.727649217,14.99917258,0.185444444,,0.63,0.555666667,0.145382698,0.132083237,0.250847736,2.098010773
31526hh1,Week_B,11.60761905,0.302091295,,1.64100699,,0.137083333,,0.408541667,,0.017876929,0.020058655,0.076516413,
31526hh1,Week_V,10.56980159,0.844522139,,1.272763366,,0.316805556,,0.325833333,,0.016472314,0.015390577,0.085540476,
31526hh1,Week_1,11.31103175,0.609104992,,1.308349886,,0.213611111,,0.323611111,,0.01648045,0.018698201,0.063130635,
31707hh1,Week_B,6.416865079,0.682846109,,0.763055928,3.465549315,0.088888889,,0.156597222,0.214166667,0.021103214,0.035418121,0.150277603,0.671664607
31707hh1,Week_V,5.870912698,,,0.974838148,3.857444449,,,0.254722222,0.151388889,0.01507038,0.017090088,0.138461269,0.635432912
31707hh1,Week_1,5.623055556,0.679212132,,1.188618419,3.210135013,0.066944444,,0.2775,0.159722222,0.018325695,0.017000917,0.146331791,0.621924315
31792hh1,Week_B,5.584490741,2.227822355,0.349158989,5.830196411,82.30304376,2.646296296,2.015555556,1.287986111,1.285092593,16.50934198,15.48848809,17.38613064,24.73305917
31792hh1,Week_V,7.707407407,0.396786782,,3.357336051,24.56198231,0.096111111,,0.494722222,0.735,0.080455933,0.0391006,0.316962379,4.62608443
31792hh1,Week_1,5.602592593,1.617001201,0.332067516,2.376201982,92.1530608,1.832569444,2.598472222,0.800833333,1.2475,19.09759235,16.23760021,14.95118615,32.79600601
31930hh1,Week_B,1.3825,1.26760027,,1.579358738,88.62314912,0.311666667,,0.328611111,2.120277778,3.561069946,4.279101471,14.55719848,9.631077874
31930hh1,Week_V,3.637847222,0.779541386,,1.028457725,163.1004223,0.41,,0.25962963,2.586018519,10.78393635,2.051089512,22.89866056,26.81905174
31930hh1,Week_1,6.998555556,1.247920625,0.065759202,2.17329797,61.07040213,0.319537037,0.326111111,0.505486111,1.436111111,1.477564805,1.018109638,2.29374387,8.071647661
31972hh1,Week_B,7.9175,0.542425364,,0.52542189,5.015762013,0.103333333,,0.123611111,0.218333333,0.016663862,0.010212072,0.065294494,0.9695933
31972hh1,Week_V,9.688333333,0.896090781,,2.339412155,6.447586963,0.759513889,,0.754027778,0.226805556,0.075552675,0.062130685,0.168572421,1.132302323
31972hh1,Week_1,9.384285714,1.551157721,0.150583991,3.162910251,10.65937383,1.077083333,1.226388889,1.224166667,0.317777778,0.06992956,0.021099463,0.05570033,2.043236176
31976hh1,Week_B,7.585119048,1.212106579,0.564594004,2.033036546,6.229399624,0.333981481,0.509444444,0.436990741,0.433055556,0.316648391,0.012719058,0.470118373,0.111160897
31976hh1,Week_V,4.655763889,2.099036214,,2.382622937,2.954476505,0.713148148,,0.546018519,0.144444444,0.549296274,0.048545168,0.616223936,0.29115456
31976hh1,Week_1,4.7375,1.080714187,,2.329533171,7.113795799,0.620972222,,0.53375,0.580833333,0.123102397,0.01782455,0.233398961,0.805775142
32201hh1,Week_B,0.961111111,0.426691135,,0.443352736,3.522450732,0.259166667,,0.0775,0.407,12.50670053,0.446971007,12.55059858,13.21809755
32201hh1,Week_V,4.570277778,9.2891925,0.080789013,1.348484691,17.37759812,0.727013889,0.465555556,0.387083333,0.486574074,2.750796529,0.55606572,4.616700531,5.01567483
32201hh1,Week_1,2.224166667,11.48855781,,0.308642254,26.3950508,0.335555556,,0.043055556,0.853333333,2.247930635,0.191548053,5.534281985,2.084325715
32340hh2,Week_B,2.239285714,4.756749629,0.326748842,0.165259866,100.9762002,1.062420635,0.453981481,0.402916667,2.400119048,18.74642219,19.6221353,38.57186938,17.23434675
32340hh2,Week_V,1.882301587,5.783117293,0.391430134,2.550837326,119.1975679,1.872268519,0.897986111,0.201597222,3.079768519,22.91182174,22.51424482,40.20068105,22.01649923
32340hh2,Week_1,2.007142857,4.726878064,0.911658853,0.134492995,98.72700906,1.256865079,0.842777778,0.039861111,1.940515873,20.85794305,25.30902056,39.95869979,18.23566565
32433hh1,Week_B,3.448611111,0.959371412,0.067468125,3.00060204,48.80083747,0.899537037,0.927777778,1.741203704,0.766388889,9.417529817,15.88732993,8.333853499,11.20047914
32433hh1,Week_V,4.574305556,1.215464889,0.045450117,3.431902631,50.67518466,1.123287037,0.796388889,1.84787037,0.808703704,11.59659853,13.7704101,11.20692217,11.5455972
32433hh1,Week_1,5.133174603,1.912555835,0.072934593,3.309044763,29.96673916,0.835138889,0.445277778,1.284404762,0.551805556,6.285848365,7.299690165,7.650675308,6.879665553
324hh1,Week_B,0.194861111,1.104959249,,1.452952308,6.861470652,0.477777778,,0.330138889,0.201388889,2.31966359,,2.707060657,1.17185826
324hh1,Week_V,0.445625,0.843149162,,1.983603316,6.867111992,0.266944444,,0.389305556,0.204166667,0.997538434,,1.506350987,2.51019919
324hh1,Week_1,0.215555556,1.380731197,,1.449481134,11.84125242,0.275972222,,0.293888889,0.403611111,1.96725995,1.504656227,1.86052409,2.703248701
32663hh1,Week_B,4.356626984,0.652886264,,3.133928711,7.775716496,0.154861111,,0.768888889,0.4175,0.076374992,0.061414496,0.807434399,1.349191905
32663hh1,Week_V,5.626626984,1.06237592,,1.71182135,10.34683633,0.225138889,,0.418796296,0.430138889,0.033026528,0.02703134,0.187652138,1.912733752
32663hh1,Week_1,4.687857143,0.359261456,,2.41711321,7.850588241,0.267962963,,0.682944444,0.256111111,0.059336745,0.056199429,0.243574062,1.424826163
32749hh2,Week_B,2.279814815,7.516587259,0.804112403,5.497133311,9.506227628,0.774675926,0.166736111,1.161203704,0.611388889,1.130293849,0.284184528,1.40076928,1.122308262
32749hh2,Week_V,0.904583333,13.54422924,0.091824129,5.999073056,11.66436319,0.740694444,0.074444444,1.495833333,0.343611111,4.389574499,0.361521916,5.15016417,4.29250099
32749hh2,Week_1,2.2435,1.532893453,0.818985672,3.651936878,18.4723198,0.383166667,0.252888889,0.780611111,0.689888889,1.169451491,0.326655183,3.542427634,2.092672002
32842hh1,Week_B,4.639246032,1.230242535,,6.019478531,,0.285,,1.348571429,,0.144363469,0.13426006,0.601397387,
32842hh1,Week_V,4.270674603,0.237170273,,6.147849684,,0.145277778,,1.67125,,0.041376029,0.073278417,0.429921465,
32842hh1,Week_1,5.843730159,,,4.63842009,,,,1.168730159,,0.077580611,0.04980154,0.562568102,
32942hh1,Week_B,1.112222222,0.449701315,,1.685471609,1.746357281,0.167777778,,0.456944444,0.071388889,0.152492032,0.033817197,0.370401298,0.56680019
32942hh1,Week_V,1.097222222,0.90679803,,2.125174379,3.00269311,0.178611111,,0.60375,0.112222222,0.261738981,,0.530791889,1.153756241
32942hh1,Week_1,1.429333333,0.427651401,,1.480060481,2.879980932,0.216527778,,0.389333333,0.088888889,0.394244414,0.020270103,0.703604387,1.080881418
33643hh1,Week_B,4.144722222,1.702939861,,4.985270987,22.62578763,0.171898148,,1.043928571,0.8945,1.420459046,0.239454005,1.460210223,3.254888795
33643hh1,Week_V,5.177777778,1.872381229,,5.778892997,26.5484732,0.193968254,,1.182896825,0.912063492,1.304890142,0.165388124,1.763741444,3.490388444
33643hh1,Week_1,5.021071429,2.483709368,,4.138014396,12.51549346,0.201904762,,0.976309524,0.455793651,1.139754113,0.34295803,1.644917596,2.663085689
33791hh1,Week_B,0.069166667,2.957317903,10.64559319,4.550661018,,1.211388889,5.186507937,0.954259259,,0.358724758,0.350122071,0.692817834,
33791hh1,Week_V,0.054722222,2.129405478,2.453429111,6.142011318,9.535055321,1.045515873,4.393888889,1.448944444,1.403263889,1.131727898,1.244725247,1.313469627,2.348946686
33791hh1,Week_1,0.067777778,3.874558371,1.511739803,3.938091246,28.77757309,1.407611111,4.188968254,0.842619048,1.696111111,2.3320117,1.128165018,2.501159544,9.467988565
33793hh1,Week_B,0.4425,,,3.305117847,,,,0.791944444,,,,0.594692805,
33793hh1,Week_V,0.201759259,0.681201718,,2.589100193,4.143459528,0.109444444,,0.556166667,0.251666667,1.006281029,,0.431735197,0.901390143
33793hh1,Week_1,0.347777778,,,2.482022144,,,,0.552314815,,0.019017693,,0.418925528,
33889hh1,Week_B,2.3975,1.653823182,,3.868914016,3.238274959,0.183055556,,0.616944444,0.1975,0.302530511,0.153562577,0.351659741,1.071688154
33889hh1,Week_V,6.969166667,2.511417414,1.588998056,0.600145923,2.36555967,1.513777778,2.285555556,0.243425926,0.185,0.966300117,0.768560358,0.761399901,0.864352234
33889hh1,Week_1,2.971203704,2.249442001,0.767665381,1.460511023,2.819561322,0.128888889,2.371388889,0.059166667,0.168194444,0.420698503,0.538088196,0.304123874,0.904738262
33957hh1,Week_B,9.742685185,5.400838414,,2.582018809,4.733403359,0.971944444,,0.337222222,0.248888889,0.080857042,0.079936303,0.26074825,0.769970998
33957hh1,Week_V,6.589388889,5.13144156,,1.925235486,8.692471349,0.659333333,,0.3575,0.338055556,0.075516148,0.061305246,0.311278082,0.853151581
33957hh1,Week_1,10.1768254,7.56235917,,2.01930821,5.851472085,1.047539683,,0.283611111,0.232962963,0.073706776,0.083123837,0.224049864,1.049718844
34143hh1,Week_B,4.075902778,0.457487936,,,,0.041944444,,,,0.0217441,0.016537365,0.015491088,
34143hh1,Week_V,2.848690476,0.520641701,,0.42898118,188.2208391,0.355,,0.235694444,2.314166667,4.839328108,7.728761908,10.26191725,41.57775688
34143hh1,Week_1,3.146666667,1.076964644,,0.687814888,12.52040898,0.363518519,,0.397916667,0.471481481,0.327444676,0.103298081,0.502454718,1.981114564
34239hh1,Week_B,3.689027778,0.388747356,,0.868007459,26.10960177,0.144444444,,0.256666667,0.576388889,0.164277352,0.030046104,2.643933643,6.754795456
34239hh1,Week_V,5.128333333,0.388389855,,1.810298838,3.921617189,0.190555556,,0.571111111,0.134444444,0.0790871,0.040978644,0.425962338,1.098119383
34239hh1,Week_1,5.763935185,0.573176906,,1.093676956,6.023096066,0.205555556,,0.380555556,0.410555556,0.050586512,0.036535635,0.550801215,0.695574707
34325hh1,Week_B,2.048722222,2.181584397,0.467908644,3.469659476,127.3497999,1.438333333,1.900555556,0.883425926,2.096388889,33.16053905,61.42245039,74.279216,99.27771558
34325hh1,Week_V,2.638125,1.209466628,,1.8117048,,0.214166667,,0.437777778,,0.07040047,0.02494986,0.132498413,
34325hh1,Week_1,4.449259259,0.401865535,,1.09737749,10.75011197,0.25537037,,0.400555556,0.573055556,0.483834517,0.423124672,1.1267622,2.27271945
34613hh1,Week_B,12.71686508,1.685496511,0.312338919,1.053633432,8.358370492,0.513888889,0.276805556,0.227380952,0.377083333,0.049494273,0.059128864,0.153831022,1.563827817
34613hh1,Week_V,13.13984127,1.322452402,,1.046245908,,0.473968254,,0.215198413,,0.021897881,0.015819496,0.088070309,
34613hh1,Week_1,13.409375,1.766393871,,1.203543107,,0.509236111,,0.232986111,,0.023816849,0.016468257,0.088378413,
34966hh2,Week_B,0.876851852,5.898514137,,1.023493095,49.62535716,0.456388889,,0.263055556,4.679861111,3.334211839,,0.61890783,4.360533615
34966hh2,Week_V,4.662777778,9.436201424,1.098325542,2.419342434,40.34409347,0.622420635,0.247962963,0.553253968,1.556587302,5.127463776,1.090515343,0.969081491,6.576184446
34966hh2,Week_1,3.099,23.25326631,2.482068391,0.99843859,67.30321615,0.911277778,1.623194444,0.224277778,1.796944444,7.641993911,2.388402954,1.037556977,12.72789779
35973hh1,Week_B,9.140912698,0.790170369,,4.901556301,,0.121574074,,1.038134921,,0.059346036,0.023228776,0.452418118,
35973hh1,Week_V,8.641746032,0.910977134,,4.696722171,,0.208333333,,0.983796296,,0.018760391,0.026129696,0.353453637,
35973hh1,Week_1,11.12369048,0.910697575,,4.7596587,,0.118333333,,1.078492063,,0.027311123,0.014109694,0.432315134,
36125hh1,Week_B,1.073333333,1.105487079,,0.704021522,120.6737117,0.685277778,,0.159166667,2.091666667,18.85394616,,11.36443294,16.34012832
36125hh1,Week_V,0.534722222,,,1.775671932,,,,0.484722222,,0.016278476,,0.309156501,
36125hh1,Week_1,0.180833333,0.462367291,,,11.6674307,0.148888889,,,0.543611111,2.195781222,,2.770919989,4.276743053
36128hh2,Week_B,0.76712963,0.881350092,,2.906387191,0.698155804,0.303240741,,0.705,0.067777778,0.284003225,,0.231027203,0.240414107
36128hh2,Week_V,0.622083333,0.923881646,,3.202319787,2.888204514,0.161666667,,0.530462963,0.196666667,0.376846511,,0.332822538,0.317012635
36128hh2,Week_1,1.79037037,0.876865813,,3.526416558,,0.256851852,,0.800388889,,0.207486913,0.008903912,0.262477582,
36129hh1,Week_B,1.606666667,,,2.288099487,,,,0.530277778,,0.048056305,0.013755445,0.31899748,
36129hh1,Week_V,2.726944444,2.23080784,0.591038678,0.994936309,3.484876961,0.620277778,0.740277778,0.232222222,0.339166667,0.688363277,0.273657578,1.748331782,0.332537923
36129hh1,Week_1,1.625,0.38877321,,3.516912802,,0.156666667,,0.869583333,,0.591363209,0.021971306,0.896818789,
36295hh1,Week_B,4.348935185,2.516950057,,1.630704167,54.88220836,0.195833333,,0.251944444,0.806111111,1.283362014,0.004223306,3.216161928,11.03529092
36295hh1,Week_V,3.972301587,,,1.291314934,,,,0.355925926,,0.018625475,0.006827756,0.096268575,
36295hh1,Week_1,3.805793651,,,1.145247188,,,,0.323055556,,0.008626759,0.008841669,0.10554336,
37035hh1,Week_B,0.056759259,4.099283948,0.889177694,2.978771655,,3.909074074,11.37449074,1.432962963,,0.088220455,0.087560413,0.141452012,
37035hh1,Week_V,0.040069444,6.39215506,1.152077423,4.180741222,,5.49234127,15.41099206,1.871071429,,0.088028711,0.088152845,0.23643893,
37035hh1,Week_1,0.05287037,5.423905095,1.073472698,5.81940418,,4.899325397,11.65043651,2.089365079,,0.093421985,0.087973169,0.388555025,
37315hh1,Week_B,0.6075,,,2.325144584,,,,0.507777778,,0.01332414,,0.371199437,
37315hh1,Week_V,0.182037037,,,1.740039187,,,,0.419907407,,,,0.304297294,
37315hh1,Week_1,0.358888889,,,2.36152944,,,,0.536111111,,,,0.40842253,
37517hh1,Week_B,3.287936508,3.981497496,0.267709345,1.076482696,11.84087328,1.940277778,0.690185185,0.2925,0.531166667,1.28904342,1.361470054,2.655831994,2.031406532
37517hh1,Week_V,3.176904762,4.344682571,0.206209373,1.011122232,13.23198435,2.938833333,0.786458333,0.308111111,0.632055556,1.956405452,1.927392406,3.698381954,1.875351222
37517hh1,Week_1,4.486111111,2.668550551,,0.783291701,10.47313989,1.39875,,0.324027778,0.445208333,0.92182221,0.8993554,2.575951118,1.753590994
37913hh1,Week_B,9.709444444,0.868909575,,9.484289877,,0.323009259,,1.031428571,,0.223408695,0.061067416,1.468948524,
37913hh1,Week_V,8.139642857,1.727102701,,12.79595017,,0.724722222,,1.32281746,,0.209786345,0.049900889,1.955740631,
37913hh1,Week_1,7.933293651,1.81936949,,16.14967194,,0.731587302,,1.543888889,,0.245660251,0.156864469,2.663873916,
38062hh1,Week_B,6.955324074,0.815935232,,1.580498201,3.094784707,0.092453704,,0.308333333,0.262777778,0.060760207,0.023252532,0.169182233,0.63356626
38062hh1,Week_V,6.122222222,1.304049755,,1.894610386,,0.157222222,,0.420185185,,0.032000737,0.018068994,0.124656996,
38062hh1,Week_1,7.10031746,3.028780697,,2.984429928,6.915849149,0.311825397,,0.615740741,0.439444444,0.453802943,0.105380568,0.711502396,2.026329274
38375hh1,Week_B,1.30212963,,,4.702179061,,,,1.016481481,,0.033183914,0.014887268,0.969670484,
38375hh1,Week_V,0.37,1.215364507,,6.696623524,28.59943009,0.258055556,,1.570185185,0.531388889,2.988990172,,1.472974451,4.747422004
38375hh1,Week_1,0.1175,,,2.945857002,,,,0.6625,,,,0.641179948,
38713hh1,Week_B,0.165555556,7.763104601,,4.29896552,5.974116498,0.374444444,,0.829930556,0.131388889,0.854141039,,2.317683619,3.701048539
38713hh1,Week_V,0.277569444,1.489086707,,4.648398223,9.181819648,0.719583333,,0.861111111,0.276527778,1.80273984,,1.340412497,2.259495716
38713hh1,Week_1,0.095277778,,,5.606195295,,,,1.138472222,,0.334132413,,1.03732698,
38747hh1,Week_B,5.403809524,0.457042127,0.674852635,6.455162519,,0.078611111,0.206805556,1.153444444,,0.16704374,0.049919201,1.48498532,0.015357211
38747hh1,Week_V,4.375634921,3.050928273,0.436086317,5.597746194,4.144410702,0.249652778,0.857222222,1.036666667,0.058611111,0.22359289,0.030786554,1.201157831,0.919974877
38747hh1,Week_1,5.945277778,2.223182019,0.491973184,2.811475556,4.396478564,0.4275,0.19,0.523402778,0.209166667,0.598112348,0.085098233,0.911027685,0.105495437
39093hh1,Week_B,10.28138889,0.878666948,,5.020432167,,0.078492063,,0.803888889,,0.024617882,0.021894689,0.189600904,
39093hh1,Week_V,9.152222222,1.186499554,,4.198560265,,0.172268519,,0.671203704,,0.053768218,0.062993691,0.349451743,
39093hh1,Week_1,6.911388889,1.120031592,,2.525608314,,0.128888889,,0.411666667,,0.027957187,0.024788703,0.172116789,
39259hh2,Week_B,6.450873016,8.414609208,0.041036143,3.181864885,13.22984183,0.602222222,0.062777778,0.893,0.401944444,0.816858046,0.241721255,0.968120406,0.630017535
39259hh2,Week_V,6.606944444,2.579299018,,3.579105223,34.43996934,0.273222222,,0.905444444,0.746805556,0.74495328,0.095341006,1.193302656,2.07807258
39259hh2,Week_1,7.066507937,5.341631069,0.137485295,1.390242133,20.12557495,0.350277778,0.071388889,0.401888889,0.655555556,0.524265924,0.169750426,1.0259904,1.29390026
39335hh2,Week_B,4.117738095,1.928641595,0.190786045,2.751916938,35.74120407,0.827111111,1.614166667,0.875055556,0.935388889,2.111819501,1.58017891,3.072736597,7.981018058
39335hh2,Week_V,4.838611111,2.906155108,,2.324806396,55.93466365,0.360555556,,0.959027778,1.511527778,6.420836941,2.657940692,17.02633291,12.05065346
39335hh2,Week_1,4.234074074,1.720259113,,4.283690152,29.60549777,0.276805556,,1.291944444,1.319861111,0.461611155,0.152612728,0.250689397,5.801673282
39588hh1,Week_B,1.545396825,1.803763379,,2.861773291,9.584137003,0.175416667,,0.649814815,0.456666667,0.353697407,0.254021737,0.512180143,1.765756477
39588hh1,Week_V,0.836269841,0.589038987,,2.169181979,,0.071319444,,0.509907407,,0.039607618,0.05600673,0.162436865,
39588hh1,Week_1,1.139325397,0.455630064,,0.864077928,2.574053569,0.247361111,,0.144907407,0.055555556,0.037919176,0.024105762,0.091130487,0.094827656
40211hh1,Week_B,4.904166667,1.367817735,,0.563446412,21.75964786,0.725555556,,0.286944444,0.905,0.566692782,0.136208491,0.934152405,4.977395335
40211hh1,Week_V,6.170277778,0.980567987,0.21278299,0.90920544,21.61591755,0.635,1.598888889,0.568796296,0.647777778,0.636173206,0.884938286,2.698232338,4.4982873
40211hh1,Week_1,6.708703704,0.953382495,0.256026224,0.797335247,23.78565926,0.680555556,1.788055556,0.517777778,0.824444444,0.593427178,0.556661937,1.023865087,4.424724732
40306hh1,Week_B,16.27873016,0.561115557,,0.767419766,20.96867786,0.181944444,,0.567916667,0.747916667,0.036081522,0.013913377,0.61710631,6.239447689
40306hh1,Week_V,12.43083333,1.306514487,,1.151777493,70.66872098,0.275486111,,0.58,1.517592593,1.080351339,0.394621649,3.381432903,13.19626173
40306hh1,Week_1,11.13638889,0.659611896,0.114117411,1.395038725,61.74088012,1.806388889,0.502222222,0.642777778,1.411111111,1.156753347,1.387577676,3.648895757,11.76780766
40916hh1,Week_B,4.250793651,1.370034782,,7.063685329,21.75584394,0.232444444,,1.318611111,0.885277778,0.205059262,0.736538293,0.846005576,5.390597368
40916hh1,Week_V,4.318055556,,,4.109915626,,,,0.731055556,,0.035651637,0.022711444,0.340593046,
40916hh1,Week_1,2.78984127,1.776222193,0.212314353,6.951280189,6.463573524,0.376666667,0.603611111,1.333287037,0.223888889,0.174463765,0.657673552,0.609458507,2.12151327
40994hh1,Week_B,8.681349206,2.463650569,,7.494339352,47.90800895,0.602896825,,1.30287037,1.193981481,0.638517689,0.789090057,2.395453487,7.323262202
40994hh1,Week_V,6.785277778,8.287123652,,9.609011011,50.58644755,1.399814815,,1.825,1.196805556,3.161022301,1.811630951,7.24771177,9.732002734
40994hh1,Week_1,5.860833333,4.372763091,,8.438283965,,0.936666667,,1.450555556,,0.053839586,0.0505011,1.146085163,
41042hh2,Week_B,0.122142857,2.246666394,0.033563241,3.560079832,0.011811606,0.637777778,0.042222222,0.665634921,0.035138889,0.787796679,0.290408276,0.808111129,0.736866971
41042hh2,Week_V,0.082261905,1.983571353,0.090237851,3.452975082,,0.614603175,0.095416667,0.632857143,,0.714434759,0.557555974,0.772307867,
41042hh2,Week_1,0.068492063,1.833187577,0.082356275,2.92463941,0.016795752,0.816706349,0.110625,0.542857143,0.050555556,0.630817756,0.552984294,0.644036963,0.552085578
41163hh1,Week_B,6.852731481,0.689396826,,0.311477819,,0.032685185,,0.033611111,,0.013768841,0.009494935,0.013599233,
41163hh1,Week_V,7.276309524,0.799082485,,0.669002029,,0.298611111,,0.088796296,,0.013598017,0.009321687,0.015258248,
41163hh1,Week_1,7.212361111,0.908180698,,0.656097061,22.04230182,0.070763889,,0.053518519,0.426111111,0.01789104,0.008848846,0.015423594,4.777208472
41291hh1,Week_B,4.554212963,0.479134841,,2.618783165,16.11885566,0.124722222,,0.610763889,0.529444444,0.100466744,0.120073655,1.070143576,3.265089602
41291hh1,Week_V,3.944603175,1.257374777,0.180835406,4.312931964,184.1694477,0.818611111,2.245,1.368240741,2.962777778,2.776984963,9.467551518,4.213998407,36.92529806
41291hh1,Week_1,4.92984127,6.329704952,,2.383703597,17.03761026,1.129166667,,0.704537037,0.573055556,0.307948007,0.19184915,0.193505444,3.797958219
41291hh2,Week_B,4.405740741,3.312733127,,5.934187504,3.546688129,0.623611111,,1.450648148,0.164722222,0.285655706,0.010146579,0.912443818,1.833162303
41291hh2,Week_V,3.831111111,1.42175714,,5.472086481,,0.399305556,,1.885972222,,0.061941772,0.024799211,0.318788282,
41291hh2,Week_1,2.143888889,2.678862789,,7.66979202,18.38957806,0.605185185,,1.418981481,0.652777778,0.669982471,,2.353523232,3.707347701
41327hh2,Week_B,3.381309524,1.186968046,,1.064484296,40.52942487,0.315952381,,0.195396825,1.172638889,0.730963034,0.813843912,1.044626283,3.855861176
41327hh2,Week_V,3.400634921,2.709451913,0.442511168,1.71853126,38.82249666,0.654246032,0.386296296,0.598095238,1.004953704,0.608770251,1.108545945,1.47264543,3.623553423
41327hh2,Week_1,4.115674603,3.649816704,0.481400601,1.574016148,23.47632431,0.649259259,0.417222222,0.36952381,0.911805556,0.303599571,0.185388064,0.256384552,2.231541175
41692hh1,Week_B,0.050555556,1.905809296,0.173015972,1.54372386,,1.964285714,2.656759259,0.435595238,,0.075119703,0.071787767,0.123127068,
41692hh1,Week_V,0.036111111,1.600492819,0.145539168,1.787118378,,1.399007937,2.437777778,0.500740741,,0.077754646,0.071585466,0.133684454,
41692hh1,Week_1,0.051597222,2.451884393,0.180183365,2.283890491,8.814243811,1.731746032,2.789768519,0.736435185,0.571111111,0.154075148,0.07659719,0.229692081,1.349073946
41759hh2,Week_B,13.8977381,3.924572888,,2.672832426,4.191420982,0.378472222,,0.652407407,0.18875,0.133751176,0.028267743,0.137869695,1.718267675
41759hh2,Week_V,13.36269841,2.842305265,,2.786542379,7.844272911,0.263722222,,0.703571429,0.434259259,0.1114187,0.021859881,0.248472794,1.320132024
41759hh2,Week_1,12.07253968,4.313192666,0.168290958,4.089967788,10.77317086,0.692708333,0.198611111,1.208928571,0.473981481,0.368637731,0.15738553,0.55091963,3.012227999
42204hh1,Week_B,7.693531746,3.399394383,1.062328794,1.298057048,15.66107248,1.041825397,2.502083333,0.452944444,0.401777778,0.995602709,0.800539737,1.660547307,2.982565032
42204hh1,Week_V,9.535833333,3.676066584,0.954733657,1.536511049,13.33047079,1.144814815,2.522777778,0.70462963,0.371481481,0.939378803,0.761690834,1.517440131,2.829313471
42204hh1,Week_1,8.476111111,2.405469389,0.566846011,7.348761878,16.35658332,0.77,1.743055556,1.675069444,0.365972222,0.740751034,0.625967431,1.449464258,3.278000639
42540hh1,Week_B,8.174285714,5.418014978,,2.932375596,8.856319736,0.81797619,,0.852962963,0.476333333,0.362156282,0.194689151,1.218962123,1.973946985
42540hh1,Week_V,7.527301587,3.287583661,,1.469859025,9.858935017,0.529563492,,0.606777778,0.576388889,0.188763267,0.070642783,1.05906005,2.002079903
42540hh1,Week_1,7.571150794,4.725097592,,2.809509647,19.73270075,0.922261905,,0.848134921,1.056277778,0.622833728,0.3746211,1.6145282,3.041966612
42726hh1,Week_B,1.194246032,1.741498406,,0.714288242,13.47139236,0.592430556,,0.214722222,0.537291667,1.553532096,2.599773534,2.220069674,2.779043949
42726hh1,Week_V,2.415198413,1.163923819,0.034223202,1.566507448,10.79707125,1.838333333,0.638425926,1.514,0.436722222,2.143067792,3.050620478,2.939855371,2.876367731
42726hh1,Week_1,1.878492063,2.987267422,0.41929462,3.196823163,11.21313052,3.236342593,1.82337963,2.933194444,0.440138889,3.592087625,4.698811916,4.804497864,2.711328962
42740hh1,Week_B,9.273690476,3.629438262,0.121520722,1.742482158,24.66414538,0.555,0.256666667,0.486203704,0.725185185,0.217158816,0.287862185,1.084104783,2.088403999
42740hh1,Week_V,8.000238095,1.294509988,0.111402711,0.931698604,12.81271281,0.327986111,0.541388889,0.387333333,0.313722222,0.186529521,0.339352379,0.970978069,1.850531274
42740hh1,Week_1,5.578888889,1.960317251,0.139556354,1.398352497,30.33471241,0.554722222,0.481111111,0.406111111,0.838611111,1.490970041,0.540373658,3.413456652,2.812804167
42740hh2,Week_B,3.875555556,0.573549992,0.167511041,1.292896562,23.39350713,0.324444444,0.675,0.436388889,1.426944444,0.282176495,0.442238888,0.830918731,2.485608395
42740hh2,Week_V,6.467896825,0.864137536,0.117242859,5.72338745,26.73970633,0.497986111,0.756944444,1.417888889,0.817111111,0.619948851,0.460172384,1.844982424,2.081583129
42740hh2,Week_1,5.494206349,0.674973531,0.185676687,0.847313297,20.12442348,0.165648148,0.628055556,0.330222222,0.614484127,0.405453842,0.336801054,1.017469935,1.702070678
42858hh2,Week_B,4.070185185,4.547466002,,10.18736833,14.00260289,0.862361111,,1.570111111,0.391296296,0.611664127,0.190690234,2.638422339,2.799622909
42858hh2,Week_V,3.51952381,4.765171439,0.284802537,14.03074381,12.39177825,1.311468254,0.481666667,1.902407407,0.493611111,0.937544796,0.883083618,2.419283557,2.910483783
42858hh2,Week_1,5.141031746,5.221345639,,7.425561632,14.4229152,0.69531746,,1.011722222,0.730972222,0.222066377,0.097886456,1.571385597,2.849862641
42942hh1,Week_B,3.832857143,0.704173407,1.420279007,5.079511158,0.126511281,0.142986111,0.450277778,0.753666667,0.028611111,0.068371763,0.023884312,0.536888621,0.010556471
42942hh1,Week_V,5.02702381,1.232861282,0.982388259,5.281229884,33.37393095,0.5005,0.353333333,0.906468254,1.077430556,2.733881168,0.70488039,5.272917522,2.566829482
42942hh1,Week_1,1.393333333,,,0.279631395,,,,0.045,,0.030158131,,0.053250509,0.002945639
43296hh1,Week_B,1.075833333,0.684149642,0.351221412,5.034299588,3.94210308,0.227638889,0.506666667,0.331666667,0.593055556,1.061630794,0.705598693,1.692582437,0.780712511
43296hh1,Week_V,0.619259259,1.89121411,,3.339811656,8.387351349,0.261944444,,0.26625,0.365416667,1.06883899,0.121682498,1.196887066,1.298480165
43296hh1,Week_1,1.822013889,1.364349425,,14.83771994,2.382987628,0.184166667,,0.582222222,0.108611111,0.347033742,0.035955734,0.306005979,0.868278216
43402hh1,Week_B,0.215208333,0.862260581,0.234420865,2.453157501,0.017023419,0.232277778,0.103541667,0.608333333,0.158055556,0.634308307,0.71019584,0.77014423,1.800963555
43402hh1,Week_V,0.36625,0.528378352,0.330222916,4.046615883,,0.243472222,0.143819444,0.938541667,,1.388455841,1.422993861,1.521323296,0.004873795
43402hh1,Week_1,0.146041667,1.71601831,0.27627697,2.783462324,11.32183182,0.389888889,0.326388889,0.745185185,0.389722222,1.62462708,2.389978344,2.517766213,3.022756731
43614hh2,Week_B,7.616547619,1.657962531,,3.774770949,5.557442371,0.270039683,,0.656296296,0.132916667,0.06456739,0.038434799,0.328816932,1.329838176
43614hh2,Week_V,9.026746032,2.466917637,,3.459211606,19.53244548,0.498055556,,0.547380952,0.415833333,0.082106949,0.035194422,0.385039655,3.161008921
43614hh2,Week_1,5.478666667,2.113921656,0.302100341,3.102064646,4.043138724,0.399666667,0.2675,0.569222222,0.148125,0.157357356,0.056663026,0.420000078,0.914776318
45339hh1,Week_B,7.435753968,,5.505745739,,17.2913513,,1.240722222,,5.295444444,0.007969011,0.074198011,,0.051464632
45339hh1,Week_V,6.954325397,0.411174789,5.572588525,0.200151115,33.14422467,0.274305556,1.619027778,0.097777778,4.753055556,2.521299012,3.049458355,18.07579966,3.012239347
45339hh1,Week_1,6.02015873,0.198398312,5.513930892,,5.394761208,0.291388889,1.141041667,,2.109074074,0.10781731,0.043230188,0.067697807,0.117971849
46453hh1,Week_B,5.182896825,2.36319997,0.313470705,3.841276213,43.50672168,1.218333333,0.582222222,1.307944444,1.330740741,2.400783507,1.955971392,2.954618449,6.706907884
46453hh1,Week_V,3.074126984,1.271703922,0.230317716,1.777337369,48.40543361,0.671833333,0.690555556,0.729333333,1.152453704,8.678367018,7.457505961,12.72597086,9.253048908
46453hh1,Week_1,5.2315,2.221805944,0.229309445,2.197905484,70.87637945,1.462055556,2.821851852,0.678277778,1.154305556,30.40151785,29.96003187,31.36399039,23.55458395
47833hh1,Week_B,6.369365079,1.607182339,0.105440025,0.789784965,24.53871818,0.817685185,1.847166667,0.286428571,0.736468254,1.781956744,1.710585761,3.100315983,3.709314381
47833hh1,Week_V,9.202261905,0.942479585,,0.5559561,3.753362349,0.106111111,,0.16962963,0.514920635,0.140546288,0.04657242,0.203654167,0.824504895
47833hh1,Week_1,10.92392857,2.012672119,0.078391344,0.801742172,6.175162214,0.217175926,0.8325,0.200888889,0.469285714,0.165869942,0.068215789,0.252215592,0.851445918
48133hh1,Week_B,7.190046296,0.871823511,,2.611472319,33.74693269,0.389027778,,0.840763889,0.786944444,0.558595512,0.142354936,1.593402589,6.357381541
48133hh1,Week_V,8.66547619,0.280985337,,1.688129537,6.078783924,0.162222222,,0.489236111,0.195555556,0.044689238,0.022498097,0.272795245,1.061275498
48133hh1,Week_1,7.242619048,2.46333808,,2.532150015,18.40457399,1.108333333,,0.953333333,0.498333333,0.729288074,0.621687251,1.774071367,3.553215511
48644hh1,Week_B,6.617936508,0.933822029,0.061653977,3.262492333,2.430613653,0.305055556,0.331111111,0.694814815,0.13625,0.086733681,0.039198417,0.397655065,0.056228285
48644hh1,Week_V,5.924055556,1.236531735,0.186338602,4.766242295,37.2718938,0.740952381,0.649722222,0.981805556,2.65787037,20.96949251,9.514773391,11.20266242,23.58131564
48644hh1,Week_1,6.556444444,1.010022382,,3.055757796,9.053744326,0.375555556,,0.710833333,0.441944444,0.155170682,0.039190379,1.004136629,0.18807087
49828hh1,Week_B,0.794768519,7.645499327,0.22910394,1.951811799,22.59222693,0.432361111,0.233611111,0.193958333,0.665277778,4.539205318,3.710935675,5.544395067,4.740912487
49828hh1,Week_V,1.705185185,9.022313427,0.179205476,0.497152942,16.37771302,0.408194444,0.431111111,0.033611111,0.323333333,4.558274328,2.896538332,4.789954671,2.245194335
49828hh1,Week_1,0.436574074,7.154781299,0.259582171,2.77823707,13.1543416,0.504259259,0.276388889,0.408722222,0.350231481,3.473321712,2.393672657,5.322209547,3.402629845
49828hh2,Week_B,3.749583333,0.386750399,,3.115562758,,0.066388889,,0.385,,0.161784237,0.018998781,0.45327537,0.007106726
49828hh2,Week_V,4.525634921,4.704543531,0.235376577,4.530457207,19.75451305,0.383194444,0.069351852,0.562592593,0.432361111,2.308561575,0.599954816,5.765373097,4.250919089
49828hh2,Week_1,4.464047619,1.557430791,0.725540946,8.626202488,17.75842095,0.214222222,0.091111111,0.934166667,0.477638889,3.538167348,0.253721396,6.13732673,2.84265281
50221hh1,Week_B,1.861805556,,,1.205028837,,,,0.463611111,,0.013276593,0.006642119,0.067972643,
50221hh1,Week_V,4.176904762,0.391264809,,1.03769235,20.31781279,0.141388889,,0.410444444,0.501574074,0.302535825,0.274445821,0.304027036,3.831225145
50221hh1,Week_1,2.0625,,,0.493679192,,,,0.1025,,0.013418349,0.005949946,0.066429646,
50676hh1,Week_B,10.0635,1.064630937,,3.231784434,6.254976436,0.167222222,,0.390277778,0.242638889,0.038938166,0.013354762,0.269360531,0.570950932
50676hh1,Week_V,12.23083333,0.611104789,,3.974296083,4.60009552,0.035555556,,0.421527778,0.169444444,0.016340606,0.011543229,0.116232695,0.470709397
50676hh1,Week_1,9.702420635,1.162173383,,8.220368917,6.127713456,0.150972222,,0.916041667,0.197916667,0.061887112,0.009972393,0.310262229,0.800360272
50771hh1,Week_B,2.928796296,0.361501079,,3.195807757,20.00387033,0.162222222,,0.588472222,0.476666667,0.356279081,0.750538905,0.614819425,3.853321629
50771hh1,Week_V,4.886190476,,,3.752568167,,,,0.585238095,,0.011097095,0.010330425,0.385483184,
50771hh1,Week_1,5.766111111,21.73926594,,4.91155058,11.36400912,0.768055556,,0.851990741,0.430555556,0.714816047,0.316084126,0.447751106,9.03799137
51274hh1,Week_B,11.66289683,,,4.831533237,3.316566561,,,0.923111111,0.08,0.012494416,0.007659665,0.36981561,1.51206051
51274hh1,Week_V,12.05547619,0.362154285,,2.974041945,,0.1,,0.546388889,,0.015109065,0.008933401,0.200851468,
51274hh1,Week_1,11.76484127,,,3.264737356,21.88698855,,,0.647037037,0.545833333,0.01506505,0.007798585,0.132868303,3.262767216
51369hh1,Week_B,9.018928571,1.973633833,0.420311414,1.624179244,15.17451798,0.295119048,0.302777778,0.589365079,0.44087963,0.346356633,0.357081649,1.643817368,2.359333438
51369hh1,Week_V,8.793492063,2.64687592,1.042723427,1.984719612,14.93685395,0.331547619,0.957777778,0.353194444,0.374444444,0.062251849,0.079339663,0.331330224,2.698111078
51369hh1,Week_1,9.1825,2.678534799,,1.639364482,21.92615338,0.455238095,,0.5985,0.542037037,0.047610325,0.020078335,0.476140481,3.599458701
51541hh1,Week_B,1.105138889,0.605206115,,1.130575059,45.86015898,0.137777778,,0.472037037,1.046851852,3.12174479,43.75685682,10.10890469,12.64343177
51541hh1,Week_V,1.179027778,,,0.585854898,20.71186735,,,0.295138889,0.475092593,0.064896701,0.089601877,1.221583354,3.515862914
51541hh1,Week_1,0.614814815,0.658769975,,1.191383983,18.53587141,0.407638889,,0.456388889,0.59787037,2.09315328,,2.606586011,2.073927429
51667hh1,Week_B,5.179880952,2.274882727,,2.683336254,26.17138303,0.221805556,,0.625793651,0.589097222,0.420469027,0.106347345,0.549418357,5.581113342
51667hh1,Week_V,4.641904762,5.950538299,0.61411117,3.552267349,40.03831607,0.519325397,0.223333333,0.563015873,0.923518519,1.188588652,0.321674188,1.413872567,6.347501891
51667hh1,Week_1,4.229126984,6.686069428,,3.688074148,72.90711803,0.511269841,,0.790277778,1.265,2.308536342,1.173486667,1.131072896,11.31960899
51667hh2,Week_B,4.681990741,,,0.455433052,49.58684188,,,0.167222222,1.547277778,0.121844669,0.025081126,0.13628705,6.305436323
51667hh2,Week_V,12.4152381,0.339775215,,0.704728306,53.19500981,0.197222222,,0.147777778,1.281111111,0.467770727,0.254986888,0.574902418,7.7716701
51667hh2,Week_1,11.47888889,27.76743476,1.401515748,7.107975001,57.24193442,2.115833333,1.737777778,1.354444444,1.403888889,6.387580055,2.630503059,8.601014265,11.88623906
51821hh1,Week_B,5.54015873,0.902579121,0.095975302,2.226484837,13.34033313,0.331481481,0.841666667,0.674722222,0.440138889,0.346239966,0.61776765,1.401099024,2.942218465
51821hh1,Week_V,4.103981481,1.275022701,0.207195785,4.991510501,102.25789,1.349583333,1.953564815,1.400046296,1.535277778,157.1848549,166.9152476,179.6199465,221.1692365
51821hh1,Week_1,5.485462963,0.848717488,0.080034962,3.150528386,198.7522461,0.452777778,1.191805556,0.704944444,2.321666667,48.02435489,57.80368815,56.86470666,69.53402483
51838hh1,Week_B,1.709722222,5.970750602,1.242635016,4.850282394,15.34290198,0.917857143,1.470444444,0.926587302,0.459166667,5.590383529,4.435915639,8.342275101,6.003976423
51838hh1,Week_V,1.503492063,9.579232062,0.770059681,3.227659894,21.72437884,0.987222222,1.293444444,0.540833333,0.670555556,5.007829111,7.578187616,6.644220343,3.920198379
51838hh1,Week_1,1.409611111,5.214871826,0.326688149,3.254256045,28.86813748,0.832777778,0.7485,0.703101852,0.797166667,6.657053117,6.802863506,9.831191122,5.271678295
51838hh2,Week_B,4.458796296,5.341681018,0.129944374,3.459428087,33.17741021,0.795925926,0.603472222,0.719074074,0.800138889,4.901437375,2.932478795,8.01622758,7.777669189
51838hh2,Week_V,3.367666667,4.914587595,0.253555817,5.730116155,5.076021712,0.884583333,0.503333333,0.999652778,0.117777778,1.20608381,0.912498334,2.212913203,1.559995004
51838hh2,Week_1,3.492361111,1.466109796,0.34011348,4.930693087,6.985801512,0.851574074,1.872777778,1.053518519,0.160416667,2.107366639,1.539624282,2.905481993,2.266208107
52072hh1,Week_B,2.238095238,0.841873145,,1.719055807,,0.110833333,,0.516746032,,0.046666567,0.14597274,0.223509724,
52072hh1,Week_V,2.650396825,0.437633811,,1.953839643,,0.073333333,,0.576166667,,0.048491983,0.116483203,0.136991089,
52072hh1,Week_1,3.109880952,1.113789581,,1.78391903,,0.0975,,0.471712963,,0.038123285,0.01618662,0.187810519,
52359hh1,Week_B,6.259880952,3.260920586,0.366428816,1.942720317,74.92676925,1.71,2.164325397,0.84031746,2.308452381,3.480192614,4.454350682,5.829397176,7.798215271
52359hh1,Week_V,7.196349206,2.463280858,0.397164536,1.969097951,74.16610668,2.023293651,2.70234127,0.73531746,2.348650794,4.357218273,4.183377574,5.709462895,7.872836182
52359hh1,Week_1,4.784246032,2.344362507,0.450424469,3.393387778,72.1882573,1.841706349,2.66412037,1.065992063,2.219404762,4.627029162,4.587718559,6.053772897,7.304640265
52373hh2,Week_B,0.034166667,8.094562025,1.002172203,5.523646089,2.109252482,7.698531746,4.131904762,3.380753968,0.135277778,0.363820065,0.335511654,0.544652398,0.554755818
52373hh2,Week_V,0.033518519,8.398457399,1.04295338,9.13789933,5.838668148,6.799484127,4.358690476,5.041944444,0.208888889,0.704092979,0.618835146,1.491324599,1.854074099
52373hh2,Week_1,0.033055556,7.781132391,0.9704798,4.715418762,15.4152015,7.131031746,5.379722222,1.895039683,0.47,0.261324974,0.290308695,0.871401626,3.91814806
52634hh1,Week_B,5.797222222,,,2.723581911,6.576397167,,,0.585486111,0.248333333,0.029674858,0.008840425,0.169615428,1.465609375
52634hh1,Week_V,8.575833333,1.773832182,,1.047267303,23.15206804,0.157916667,,0.286555556,0.53625,0.330051655,0.100347578,1.476048918,4.333406011
52634hh1,Week_1,8.783968254,,,3.106450562,,,,0.669555556,,0.009411808,0.008989314,0.19906409,
53718hh1,Week_B,3.819583333,,,2.290687768,,,,0.711388889,,0.010066449,0.00739532,0.083762363,
53718hh1,Week_V,6.939642857,,,3.476074254,,,,0.76952381,,0.012966264,0.010966623,0.332730753,
53718hh1,Week_1,7.411150794,3.031084718,,3.296416977,6.819447987,0.385555556,,0.724325397,0.7425,0.068654515,0.02196946,0.327812108,1.779106299
54151hh2,Week_B,9.031349206,0.447906492,,3.74493182,36.00568991,0.121944444,,0.781805556,0.750277778,0.080254377,0.134058782,0.360194888,6.277940945
54151hh2,Week_V,9.408928571,1.763521547,,4.202484227,18.14383739,0.188680556,,0.886666667,0.489305556,0.237561651,0.096350372,1.529576015,3.504705074
54151hh2,Week_1,9.686031746,,,2.137455422,,,,0.412777778,,0.012693383,0.011144747,0.030667692,
54355hh1,Week_B,9.694166667,1.942930649,0.331939806,2.185365501,14.30702389,0.411944444,0.877222222,0.483452381,0.504206349,0.256021371,0.34215143,1.078021084,1.794275121
54355hh1,Week_V,9.528849206,2.208758592,0.361045585,3.267226997,18.04519594,0.40125,1.697222222,0.8825,0.570092593,0.825984154,0.890723289,2.779260681,3.483770112
54355hh1,Week_1,10.26690476,0.89226953,0.492803836,1.347014602,6.82725264,0.3445,1.105277778,0.373444444,0.323666667,0.133870273,0.236633418,0.405977837,1.326360564
54590hh2,Week_B,7.447380952,1.760260412,0.423864216,6.559413101,37.96384933,1.168935185,2.1105,1.137142857,0.701825397,5.851841248,5.070424686,10.00247224,7.186656173
54590hh2,Week_V,6.528571429,2.175093373,0.520039081,7.960704458,57.16717127,1.237916667,2.378796296,1.342579365,1.07452381,5.7962704,5.752176093,9.051592223,9.89436196
54590hh2,Week_1,6.616527778,1.859996244,0.498207523,6.48336209,49.94538362,1.311875,2.189236111,1.203333333,0.965833333,5.157673021,4.139985728,7.939750481,9.316386198
55070hh1,Week_B,6.214087302,0.420533427,,2.935779598,7.937577979,0.186527778,,1.027916667,0.299166667,0.054793119,0.051398304,0.393245528,1.448355033
55070hh1,Week_V,4.647261905,0.69272581,,2.663649179,6.026542513,0.1125,,0.694953704,0.198888889,0.099069408,0.086159735,0.453116777,1.135277235
55070hh1,Week_1,6.32515873,1.116657753,,3.895250094,6.046808221,0.149166667,,1.031666667,0.218888889,0.057197835,0.014100221,0.546483407,1.033610255
55194hh2,Week_B,0.486111111,0.673673603,3.125581509,2.618876506,0.265263417,0.849722222,1.255833333,1.940277778,0.720277778,2.296408268,1.458279361,2.3680091,2.442739309
55194hh2,Week_V,2,0.760434091,0.586003825,0.517291477,0.036336147,1.038055556,0.607777778,0.41,0.090833333,0.816037915,0.817389288,2.426056635,0.820759219
55194hh2,Week_1,1.666388889,7.071323699,0.039126305,4.969170987,43.89472116,0.448194444,0.123611111,0.999166667,1.0925,7.634837416,8.852298155,1.351085182,8.045473432
55297hh1,Week_B,7.793293651,6.888196918,0.606654251,4.733225934,30.38382628,1.809246032,4.097916667,1.196547619,0.630648148,7.184311368,8.320551864,8.130685917,9.253302145
55297hh1,Week_V,6.655119048,3.504603976,0.301518681,4.47555546,14.86554188,0.8125,1.109722222,1.07297619,0.568425926,0.36134113,0.741607296,1.578498076,2.483961999
55297hh1,Week_1,1.658888889,0.440234238,0.107873973,0.589681871,6.774097286,0.3725,0.762222222,0.190277778,0.320833333,1.492368427,2.471520059,2.200258494,2.470872452
55632hh1,Week_B,2.154305556,0.371482724,,2.562856453,35.07700096,0.305833333,,1.141666667,1.111666667,0.887714462,1.849208055,2.288777101,3.898991376
55632hh1,Week_V,2.323333333,0.945317081,,4.397129474,30.17052306,0.30125,,1.27125,1.322916667,0.607002599,0.524772482,1.608820914,3.244527659
55632hh1,Week_1,1.556587302,1.078873444,,1.644019747,25.64496442,0.323055556,,0.871611111,0.894652778,1.117420495,2.420572885,1.283846256,3.894592714
55782hh1,Week_B,3.701388889,0.417464721,,2.119429457,10.9574079,0.218472222,,0.661833333,0.49962963,0.170644625,0.3099629,0.403071385,1.808692265
55782hh1,Week_V,4.27,0.81887863,,2.353468844,11.06186038,0.155888889,,0.746898148,0.588958333,0.234644274,0.115194879,0.453956467,1.442431339
55782hh1,Week_1,3.9525,0.465100677,,4.212459177,9.993194979,0.069861111,,1.21537037,0.378148148,0.136891833,0.082839378,0.565058832,1.738669476
56042hh1,Week_B,5.284087302,3.716878865,0.798018141,3.068227661,13.85758822,0.802833333,0.129583333,0.590740741,0.640055556,0.940300813,0.33039016,1.7151836,1.354319568
56042hh1,Week_V,4.882261905,2.591532541,0.104748956,2.985424423,8.833953902,0.604944444,0.071944444,0.560666667,0.370486111,0.698335482,0.348483295,1.600273968,0.795597911
56042hh1,Week_1,2.680222222,1.758835785,,2.943517045,10.47237835,0.352708333,,0.527152778,0.369722222,1.031682517,0.672827753,2.051590943,0.908063607
56386hh1,Week_B,6.344087302,0.362422467,,6.552446816,,0.16125,,1.2325,,0.031340672,0.031179818,0.633076818,
56386hh1,Week_V,8.187222222,1.435909713,,9.159239534,,0.539375,,1.964761905,,0.172515267,0.122514699,0.756386069,
56386hh1,Week_1,8.563055556,0.528669038,,6.731900669,,0.240416667,,1.260198413,,0.023497377,0.017922364,0.569899641,
599hh1,Week_B,5.569166667,2.198171416,0.99186344,2.161250125,4.622339989,1.368263889,2.190833333,0.594074074,0.13212963,0.300819411,0.270598989,0.775774984,1.249611193
599hh1,Week_V,8.155753968,1.317602626,,6.817813471,23.1147709,0.114722222,,1.180833333,0.687777778,0.104362026,0.009012297,0.474552506,2.513537027
599hh1,Week_1,7.16781746,0.794669822,,0.985233407,10.47989111,0.151666667,,0.260277778,0.3025,0.220477172,0.044796166,0.637115343,2.175987218
617hh1,Week_B,1.184246032,1.092469395,,1.916811412,16.05495073,0.300833333,,0.424444444,0.472777778,0.449104131,,0.295010255,3.211264685
617hh1,Week_V,1.291851852,0.543467463,,1.16954849,20.90776117,0.126944444,,0.367222222,0.509166667,0.475414036,,1.249015878,4.27293052
617hh1,Week_1,1.239404762,0.506065378,,0.366604133,32.83376829,0.229722222,,0.483611111,0.956666667,0.195087603,,0.565292237,7.255529522
623hh2,Week_B,9.6075,1.234299377,,4.147190231,17.42386021,0.191944444,,1.14702381,0.3355,1.05902867,0.752187594,3.759432641,3.016980577
623hh2,Week_V,7.675873016,1.727633435,,2.241977749,12.73313189,0.415416667,,0.662103175,0.375,0.151877832,0.042351193,0.414198604,1.132860165
623hh2,Week_1,6.169801587,1.934940076,,2.011492066,21.99228857,0.594537037,,0.589801587,0.558240741,0.903473851,0.54541119,1.004974958,2.845286917
